slice_file_name,fold,classID,class
mix_baby(1).wav,1,1,babycrying
mix_baby(2).wav,1,1,babycrying
mix_baby(3).wav,1,1,babycrying
mix_baby(4).wav,1,1,babycrying
mix_baby(5).wav,1,1,babycrying
mix_baby(6).wav,1,1,babycrying
mix_baby(7).wav,1,1,babycrying
mix_baby(8).wav,1,1,babycrying
mix_baby(9).wav,1,1,babycrying
mix_baby(10).wav,1,1,babycrying
mix_baby(11).wav,1,1,babycrying
mix_baby(12).wav,1,1,babycrying
mix_baby(13).wav,1,1,babycrying
mix_baby(14).wav,1,1,babycrying
mix_baby(15).wav,1,1,babycrying
mix_baby(16).wav,1,1,babycrying
mix_baby(17).wav,1,1,babycrying
mix_baby(18).wav,1,1,babycrying
mix_baby(19).wav,1,1,babycrying
mix_baby(20).wav,1,1,babycrying
mix_baby(21).wav,1,1,babycrying
mix_baby(22).wav,1,1,babycrying
mix_baby(23).wav,1,1,babycrying
mix_baby(24).wav,1,1,babycrying
mix_baby(25).wav,1,1,babycrying
mix_baby(26).wav,1,1,babycrying
mix_baby(27).wav,1,1,babycrying
mix_baby(28).wav,1,1,babycrying
mix_baby(29).wav,1,1,babycrying
mix_baby(30).wav,1,1,babycrying
mix_baby(31).wav,1,1,babycrying
mix_baby(32).wav,1,1,babycrying
mix_baby(33).wav,1,1,babycrying
mix_baby(34).wav,1,1,babycrying
mix_baby(35).wav,1,1,babycrying
mix_baby(36).wav,1,1,babycrying
mix_baby(37).wav,1,1,babycrying
mix_baby(38).wav,1,1,babycrying
mix_baby(39).wav,1,1,babycrying
mix_baby(40).wav,1,1,babycrying
mix_baby(41).wav,1,1,babycrying
mix_baby(42).wav,1,1,babycrying
mix_baby(43).wav,1,1,babycrying
mix_baby(44).wav,1,1,babycrying
mix_baby(45).wav,1,1,babycrying
mix_baby(46).wav,1,1,babycrying
mix_baby(47).wav,1,1,babycrying
mix_baby(48).wav,1,1,babycrying
mix_baby(49).wav,1,1,babycrying
mix_baby(50).wav,1,1,babycrying
mix_baby(51).wav,1,1,babycrying
mix_baby(52).wav,1,1,babycrying
mix_baby(53).wav,1,1,babycrying
mix_baby(54).wav,1,1,babycrying
mix_baby(55).wav,1,1,babycrying
mix_baby(56).wav,1,1,babycrying
mix_baby(57).wav,1,1,babycrying
mix_baby(58).wav,1,1,babycrying
mix_baby(59).wav,1,1,babycrying
mix_baby(60).wav,1,1,babycrying
mix_baby(61).wav,1,1,babycrying
mix_baby(62).wav,1,1,babycrying
mix_baby(63).wav,1,1,babycrying
mix_baby(64).wav,1,1,babycrying
mix_baby(65).wav,1,1,babycrying
mix_baby(66).wav,1,1,babycrying
mix_baby(67).wav,1,1,babycrying
mix_baby(68).wav,1,1,babycrying
mix_baby(69).wav,1,1,babycrying
mix_baby(70).wav,1,1,babycrying
mix_baby(71).wav,1,1,babycrying
mix_baby(72).wav,1,1,babycrying
mix_baby(73).wav,1,1,babycrying
mix_baby(74).wav,1,1,babycrying
mix_baby(75).wav,1,1,babycrying
mix_baby(76).wav,1,1,babycrying
mix_baby(77).wav,1,1,babycrying
mix_baby(78).wav,1,1,babycrying
mix_baby(79).wav,1,1,babycrying
mix_baby(80).wav,1,1,babycrying
mix_baby(81).wav,1,1,babycrying
mix_baby(82).wav,1,1,babycrying
mix_baby(83).wav,1,1,babycrying
mix_baby(84).wav,1,1,babycrying
mix_baby(85).wav,1,1,babycrying
mix_baby(86).wav,1,1,babycrying
mix_baby(87).wav,1,1,babycrying
mix_baby(88).wav,1,1,babycrying
mix_baby(89).wav,1,1,babycrying
mix_baby(90).wav,1,1,babycrying
mix_baby(91).wav,1,1,babycrying
mix_baby(92).wav,1,1,babycrying
mix_baby(93).wav,1,1,babycrying
mix_baby(94).wav,1,1,babycrying
mix_baby(95).wav,1,1,babycrying
mix_baby(96).wav,1,1,babycrying
mix_baby(97).wav,1,1,babycrying
mix_baby(98).wav,1,1,babycrying
mix_baby(99).wav,1,1,babycrying
mix_baby(100).wav,1,1,babycrying
mix_baby(101).wav,1,1,babycrying
mix_baby(102).wav,1,1,babycrying
mix_baby(103).wav,1,1,babycrying
mix_baby(104).wav,1,1,babycrying
mix_baby(105).wav,1,1,babycrying
mix_baby(106).wav,1,1,babycrying
mix_baby(107).wav,1,1,babycrying
mix_baby(108).wav,1,1,babycrying
mix_baby(109).wav,1,1,babycrying
mix_baby(110).wav,1,1,babycrying
mix_baby(111).wav,1,1,babycrying
mix_baby(112).wav,1,1,babycrying
mix_baby(113).wav,1,1,babycrying
mix_baby(114).wav,1,1,babycrying
mix_baby(115).wav,1,1,babycrying
mix_baby(116).wav,1,1,babycrying
mix_baby(117).wav,1,1,babycrying
mix_baby(118).wav,1,1,babycrying
mix_baby(119).wav,1,1,babycrying
mix_baby(120).wav,1,1,babycrying
mix_baby(121).wav,1,1,babycrying
mix_baby(122).wav,1,1,babycrying
mix_baby(123).wav,1,1,babycrying
mix_baby(124).wav,1,1,babycrying
mix_baby(125).wav,1,1,babycrying
mix_baby(126).wav,1,1,babycrying
mix_baby(127).wav,1,1,babycrying
mix_baby(128).wav,1,1,babycrying
mix_baby(129).wav,1,1,babycrying
mix_baby(130).wav,1,1,babycrying
mix_baby(131).wav,1,1,babycrying
mix_baby(132).wav,1,1,babycrying
mix_baby(133).wav,1,1,babycrying
mix_baby(134).wav,1,1,babycrying
mix_baby(135).wav,1,1,babycrying
mix_baby(136).wav,1,1,babycrying
mix_baby(137).wav,1,1,babycrying
mix_baby(138).wav,1,1,babycrying
mix_baby(139).wav,1,1,babycrying
mix_baby(140).wav,1,1,babycrying
mix_baby(141).wav,1,1,babycrying
mix_baby(142).wav,1,1,babycrying
mix_baby(143).wav,1,1,babycrying
mix_baby(144).wav,1,1,babycrying
mix_baby(145).wav,1,1,babycrying
mix_baby(146).wav,1,1,babycrying
mix_baby(147).wav,1,1,babycrying
mix_baby(148).wav,1,1,babycrying
mix_baby(149).wav,1,1,babycrying
mix_baby(150).wav,1,1,babycrying
mix_baby(151).wav,1,1,babycrying
mix_baby(152).wav,1,1,babycrying
mix_baby(153).wav,1,1,babycrying
mix_baby(154).wav,1,1,babycrying
mix_baby(155).wav,1,1,babycrying
mix_baby(156).wav,1,1,babycrying
mix_baby(157).wav,1,1,babycrying
mix_baby(158).wav,1,1,babycrying
mix_baby(159).wav,1,1,babycrying
mix_baby(160).wav,1,1,babycrying
mix_baby(161).wav,1,1,babycrying
mix_baby(162).wav,1,1,babycrying
mix_baby(163).wav,1,1,babycrying
mix_baby(164).wav,1,1,babycrying
mix_baby(165).wav,1,1,babycrying
mix_baby(166).wav,1,1,babycrying
mix_baby(167).wav,1,1,babycrying
mix_baby(168).wav,1,1,babycrying
mix_baby(169).wav,1,1,babycrying
mix_baby(170).wav,1,1,babycrying
mix_baby(171).wav,1,1,babycrying
mix_baby(172).wav,1,1,babycrying
mix_baby(173).wav,1,1,babycrying
mix_baby(174).wav,1,1,babycrying
mix_baby(175).wav,1,1,babycrying
mix_baby(176).wav,1,1,babycrying
mix_baby(177).wav,1,1,babycrying
mix_baby(178).wav,1,1,babycrying
mix_baby(179).wav,1,1,babycrying
mix_baby(180).wav,1,1,babycrying
mix_baby(181).wav,1,1,babycrying
mix_baby(182).wav,1,1,babycrying
mix_baby(183).wav,1,1,babycrying
mix_baby(184).wav,1,1,babycrying
mix_baby(185).wav,1,1,babycrying
mix_baby(186).wav,1,1,babycrying
mix_baby(187).wav,1,1,babycrying
mix_baby(188).wav,1,1,babycrying
mix_baby(189).wav,1,1,babycrying
mix_baby(190).wav,1,1,babycrying
mix_baby(191).wav,1,1,babycrying
mix_baby(192).wav,1,1,babycrying
mix_baby(193).wav,1,1,babycrying
mix_baby(194).wav,1,1,babycrying
mix_baby(195).wav,1,1,babycrying
mix_baby(196).wav,1,1,babycrying
mix_baby(197).wav,1,1,babycrying
mix_baby(198).wav,1,1,babycrying
mix_baby(199).wav,1,1,babycrying
mix_baby(200).wav,1,1,babycrying
mix_baby(201).wav,1,1,babycrying
mix_baby(202).wav,1,1,babycrying
mix_baby(203).wav,1,1,babycrying
mix_baby(204).wav,1,1,babycrying
mix_baby(205).wav,1,1,babycrying
mix_baby(206).wav,1,1,babycrying
mix_baby(207).wav,1,1,babycrying
mix_baby(208).wav,1,1,babycrying
mix_baby(209).wav,1,1,babycrying
mix_baby(210).wav,1,1,babycrying
mix_baby(211).wav,1,1,babycrying
mix_baby(212).wav,1,1,babycrying
mix_baby(213).wav,1,1,babycrying
mix_baby(214).wav,1,1,babycrying
mix_baby(215).wav,1,1,babycrying
mix_baby(216).wav,1,1,babycrying
mix_baby(217).wav,1,1,babycrying
mix_baby(218).wav,1,1,babycrying
mix_baby(219).wav,1,1,babycrying
mix_baby(220).wav,1,1,babycrying
mix_baby(221).wav,1,1,babycrying
mix_baby(222).wav,1,1,babycrying
mix_baby(223).wav,1,1,babycrying
mix_baby(224).wav,1,1,babycrying
mix_baby(225).wav,1,1,babycrying
mix_baby(226).wav,1,1,babycrying
mix_baby(227).wav,1,1,babycrying
mix_baby(228).wav,1,1,babycrying
mix_baby(229).wav,1,1,babycrying
mix_baby(230).wav,1,1,babycrying
mix_baby(231).wav,1,1,babycrying
mix_baby(232).wav,1,1,babycrying
mix_baby(233).wav,1,1,babycrying
mix_baby(234).wav,1,1,babycrying
mix_baby(235).wav,1,1,babycrying
mix_baby(236).wav,1,1,babycrying
mix_baby(237).wav,1,1,babycrying
mix_baby(238).wav,1,1,babycrying
mix_baby(239).wav,1,1,babycrying
mix_baby(240).wav,1,1,babycrying
mix_baby(241).wav,1,1,babycrying
mix_baby(242).wav,1,1,babycrying
mix_baby(243).wav,1,1,babycrying
mix_baby(244).wav,1,1,babycrying
mix_baby(245).wav,1,1,babycrying
mix_baby(246).wav,1,1,babycrying
mix_baby(247).wav,1,1,babycrying
mix_baby(248).wav,1,1,babycrying
mix_baby(249).wav,1,1,babycrying
mix_baby(250).wav,1,1,babycrying
mix_baby(251).wav,1,1,babycrying
mix_baby(252).wav,1,1,babycrying
mix_baby(253).wav,1,1,babycrying
mix_baby(254).wav,1,1,babycrying
mix_baby(255).wav,1,1,babycrying
mix_baby(256).wav,1,1,babycrying
mix_baby(257).wav,1,1,babycrying
mix_baby(258).wav,1,1,babycrying
mix_baby(259).wav,1,1,babycrying
mix_baby(260).wav,1,1,babycrying
mix_baby(261).wav,1,1,babycrying
mix_baby(262).wav,1,1,babycrying
mix_baby(263).wav,1,1,babycrying
mix_baby(264).wav,1,1,babycrying
mix_baby(265).wav,1,1,babycrying
mix_baby(266).wav,1,1,babycrying
mix_baby(267).wav,1,1,babycrying
mix_baby(268).wav,1,1,babycrying
mix_baby(269).wav,1,1,babycrying
mix_baby(270).wav,1,1,babycrying
mix_baby(271).wav,1,1,babycrying
mix_baby(272).wav,1,1,babycrying
mix_baby(273).wav,1,1,babycrying
mix_baby(274).wav,1,1,babycrying
mix_baby(275).wav,1,1,babycrying
mix_baby(276).wav,1,1,babycrying
mix_baby(277).wav,1,1,babycrying
mix_baby(278).wav,1,1,babycrying
mix_baby(279).wav,1,1,babycrying
mix_baby(280).wav,1,1,babycrying
mix_baby(281).wav,1,1,babycrying
mix_baby(282).wav,1,1,babycrying
mix_baby(283).wav,1,1,babycrying
mix_baby(284).wav,1,1,babycrying
mix_baby(285).wav,1,1,babycrying
mix_baby(286).wav,1,1,babycrying
mix_baby(287).wav,1,1,babycrying
mix_baby(288).wav,1,1,babycrying
mix_baby(289).wav,1,1,babycrying
mix_baby(290).wav,1,1,babycrying
mix_baby(291).wav,1,1,babycrying
mix_baby(292).wav,1,1,babycrying
mix_baby(293).wav,1,1,babycrying
mix_baby(294).wav,1,1,babycrying
mix_baby(295).wav,1,1,babycrying
mix_baby(296).wav,1,1,babycrying
mix_baby(297).wav,1,1,babycrying
mix_baby(298).wav,1,1,babycrying
mix_baby(299).wav,1,1,babycrying
mix_baby(300).wav,1,1,babycrying
mix_baby(301).wav,1,1,babycrying
mix_baby(302).wav,1,1,babycrying
mix_baby(303).wav,1,1,babycrying
mix_baby(304).wav,1,1,babycrying
mix_baby(305).wav,1,1,babycrying
mix_baby(306).wav,1,1,babycrying
mix_baby(307).wav,1,1,babycrying
mix_baby(308).wav,1,1,babycrying
mix_baby(309).wav,1,1,babycrying
mix_baby(310).wav,1,1,babycrying
mix_baby(311).wav,1,1,babycrying
mix_baby(312).wav,1,1,babycrying
mix_baby(313).wav,1,1,babycrying
mix_baby(314).wav,1,1,babycrying
mix_baby(315).wav,1,1,babycrying
mix_baby(316).wav,1,1,babycrying
mix_baby(317).wav,1,1,babycrying
mix_baby(318).wav,1,1,babycrying
mix_baby(319).wav,1,1,babycrying
mix_baby(320).wav,1,1,babycrying
mix_baby(321).wav,1,1,babycrying
mix_baby(322).wav,1,1,babycrying
mix_baby(323).wav,1,1,babycrying
mix_baby(324).wav,1,1,babycrying
mix_baby(325).wav,1,1,babycrying
mix_baby(326).wav,1,1,babycrying
mix_baby(327).wav,1,1,babycrying
mix_baby(328).wav,1,1,babycrying
mix_baby(329).wav,1,1,babycrying
mix_baby(330).wav,1,1,babycrying
mix_baby(331).wav,1,1,babycrying
mix_baby(332).wav,1,1,babycrying
mix_baby(333).wav,1,1,babycrying
mix_baby(334).wav,1,1,babycrying
mix_baby(335).wav,1,1,babycrying
mix_baby(336).wav,1,1,babycrying
mix_baby(337).wav,1,1,babycrying
mix_baby(338).wav,1,1,babycrying
mix_baby(339).wav,1,1,babycrying
mix_baby(340).wav,1,1,babycrying
mix_baby(341).wav,1,1,babycrying
mix_baby(342).wav,1,1,babycrying
mix_baby(343).wav,1,1,babycrying
mix_baby(344).wav,1,1,babycrying
mix_baby(345).wav,1,1,babycrying
mix_baby(346).wav,1,1,babycrying
mix_baby(347).wav,1,1,babycrying
mix_baby(348).wav,1,1,babycrying
mix_baby(349).wav,1,1,babycrying
mix_baby(350).wav,1,1,babycrying
mix_baby(351).wav,1,1,babycrying
mix_baby(352).wav,1,1,babycrying
mix_baby(353).wav,1,1,babycrying
mix_baby(354).wav,1,1,babycrying
mix_baby(355).wav,1,1,babycrying
mix_baby(356).wav,1,1,babycrying
mix_baby(357).wav,1,1,babycrying
mix_baby(358).wav,1,1,babycrying
mix_baby(359).wav,1,1,babycrying
mix_baby(360).wav,1,1,babycrying
mix_baby(361).wav,1,1,babycrying
mix_baby(362).wav,1,1,babycrying
mix_baby(363).wav,1,1,babycrying
mix_baby(364).wav,1,1,babycrying
mix_baby(365).wav,1,1,babycrying
mix_baby(366).wav,1,1,babycrying
mix_baby(367).wav,1,1,babycrying
mix_baby(368).wav,1,1,babycrying
mix_baby(369).wav,1,1,babycrying
mix_baby(370).wav,1,1,babycrying
mix_baby(371).wav,1,1,babycrying
mix_baby(372).wav,1,1,babycrying
mix_baby(373).wav,1,1,babycrying
mix_baby(374).wav,1,1,babycrying
mix_baby(375).wav,1,1,babycrying
mix_baby(376).wav,1,1,babycrying
mix_baby(377).wav,1,1,babycrying
mix_baby(378).wav,1,1,babycrying
mix_baby(379).wav,1,1,babycrying
mix_baby(380).wav,1,1,babycrying
mix_baby(381).wav,1,1,babycrying
mix_baby(382).wav,1,1,babycrying
mix_baby(383).wav,1,1,babycrying
mix_baby(384).wav,1,1,babycrying
mix_baby(385).wav,1,1,babycrying
mix_baby(386).wav,1,1,babycrying
mix_baby(387).wav,1,1,babycrying
mix_baby(388).wav,1,1,babycrying
mix_baby(389).wav,1,1,babycrying
mix_baby(390).wav,1,1,babycrying
mix_baby(391).wav,1,1,babycrying
mix_baby(392).wav,1,1,babycrying
mix_baby(393).wav,1,1,babycrying
mix_baby(394).wav,1,1,babycrying
mix_baby(395).wav,1,1,babycrying
mix_baby(396).wav,1,1,babycrying
mix_baby(397).wav,1,1,babycrying
mix_baby(398).wav,1,1,babycrying
mix_baby(399).wav,1,1,babycrying
mix_baby(400).wav,1,1,babycrying
mix_baby(401).wav,1,1,babycrying
mix_baby(402).wav,1,1,babycrying
mix_baby(403).wav,1,1,babycrying
mix_baby(404).wav,1,1,babycrying
mix_baby(405).wav,1,1,babycrying
mix_baby(406).wav,1,1,babycrying
mix_baby(407).wav,1,1,babycrying
mix_baby(408).wav,1,1,babycrying
mix_baby(409).wav,1,1,babycrying
mix_baby(410).wav,1,1,babycrying
mix_baby(411).wav,1,1,babycrying
mix_baby(412).wav,1,1,babycrying
mix_baby(413).wav,1,1,babycrying
mix_baby(414).wav,1,1,babycrying
mix_baby(415).wav,1,1,babycrying
mix_baby(416).wav,1,1,babycrying
mix_baby(417).wav,1,1,babycrying
mix_baby(418).wav,1,1,babycrying
mix_baby(419).wav,1,1,babycrying
mix_baby(420).wav,1,1,babycrying
mix_baby(421).wav,1,1,babycrying
mix_baby(422).wav,1,1,babycrying
mix_baby(423).wav,1,1,babycrying
mix_baby(424).wav,1,1,babycrying
mix_baby(425).wav,1,1,babycrying
mix_baby(426).wav,1,1,babycrying
mix_baby(427).wav,1,1,babycrying
mix_baby(428).wav,1,1,babycrying
mix_baby(429).wav,1,1,babycrying
mix_baby(430).wav,1,1,babycrying
mix_baby(431).wav,1,1,babycrying
mix_baby(432).wav,1,1,babycrying
mix_baby(433).wav,1,1,babycrying
mix_baby(434).wav,1,1,babycrying
mix_baby(435).wav,1,1,babycrying
mix_baby(436).wav,1,1,babycrying
mix_baby(437).wav,1,1,babycrying
mix_baby(438).wav,1,1,babycrying
mix_baby(439).wav,1,1,babycrying
mix_baby(440).wav,1,1,babycrying
mix_baby(441).wav,1,1,babycrying
mix_baby(442).wav,1,1,babycrying
mix_baby(443).wav,1,1,babycrying
mix_baby(444).wav,1,1,babycrying
mix_baby(445).wav,1,1,babycrying
mix_baby(446).wav,1,1,babycrying
mix_baby(447).wav,1,1,babycrying
mix_baby(448).wav,1,1,babycrying
mix_baby(449).wav,1,1,babycrying
mix_baby(450).wav,1,1,babycrying
mix_baby(451).wav,1,1,babycrying
mix_baby(452).wav,1,1,babycrying
mix_baby(453).wav,1,1,babycrying
mix_baby(454).wav,1,1,babycrying
mix_baby(455).wav,1,1,babycrying
mix_baby(456).wav,1,1,babycrying
mix_baby(457).wav,1,1,babycrying
mix_baby(458).wav,1,1,babycrying
mix_baby(459).wav,1,1,babycrying
mix_baby(460).wav,1,1,babycrying
mix_baby(461).wav,1,1,babycrying
mix_baby(462).wav,1,1,babycrying
mix_baby(463).wav,1,1,babycrying
mix_baby(464).wav,1,1,babycrying
mix_baby(465).wav,1,1,babycrying
mix_baby(466).wav,1,1,babycrying
mix_baby(467).wav,1,1,babycrying
mix_baby(468).wav,1,1,babycrying
mix_baby(469).wav,1,1,babycrying
mix_baby(470).wav,1,1,babycrying
mix_baby(471).wav,1,1,babycrying
mix_baby(472).wav,1,1,babycrying
mix_baby(473).wav,1,1,babycrying
mix_baby(474).wav,1,1,babycrying
mix_baby(475).wav,1,1,babycrying
mix_baby(476).wav,1,1,babycrying
mix_baby(477).wav,1,1,babycrying
mix_baby(478).wav,1,1,babycrying
mix_baby(479).wav,1,1,babycrying
mix_baby(480).wav,1,1,babycrying
mix_baby(481).wav,1,1,babycrying
mix_baby(482).wav,1,1,babycrying
mix_baby(483).wav,1,1,babycrying
mix_baby(484).wav,1,1,babycrying
mix_baby(485).wav,1,1,babycrying
mix_baby(486).wav,1,1,babycrying
mix_baby(487).wav,1,1,babycrying
mix_baby(488).wav,1,1,babycrying
mix_baby(489).wav,1,1,babycrying
mix_baby(490).wav,1,1,babycrying
mix_baby(491).wav,1,1,babycrying
mix_baby(492).wav,1,1,babycrying
mix_baby(493).wav,1,1,babycrying
mix_baby(494).wav,1,1,babycrying
mix_baby(495).wav,1,1,babycrying
mix_baby(496).wav,1,1,babycrying
mix_baby(497).wav,1,1,babycrying
mix_baby(498).wav,1,1,babycrying
mix_baby(499).wav,1,1,babycrying
mix_baby(500).wav,1,1,babycrying
mix_baby(501).wav,1,1,babycrying
mix_baby(502).wav,1,1,babycrying
mix_baby(503).wav,1,1,babycrying
mix_baby(504).wav,1,1,babycrying
mix_baby(505).wav,1,1,babycrying
mix_baby(506).wav,1,1,babycrying
mix_baby(507).wav,1,1,babycrying
mix_baby(508).wav,1,1,babycrying
mix_baby(509).wav,1,1,babycrying
mix_baby(510).wav,1,1,babycrying
mix_baby(511).wav,1,1,babycrying
mix_baby(512).wav,1,1,babycrying
mix_baby(513).wav,1,1,babycrying
mix_baby(514).wav,1,1,babycrying
mix_baby(515).wav,1,1,babycrying
mix_baby(516).wav,1,1,babycrying
mix_baby(517).wav,1,1,babycrying
mix_baby(518).wav,1,1,babycrying
mix_baby(519).wav,1,1,babycrying
mix_baby(520).wav,1,1,babycrying
mix_baby(521).wav,1,1,babycrying
mix_baby(522).wav,1,1,babycrying
mix_baby(523).wav,1,1,babycrying
mix_baby(524).wav,1,1,babycrying
mix_baby(525).wav,1,1,babycrying
mix_baby(526).wav,1,1,babycrying
mix_baby(527).wav,1,1,babycrying
mix_baby(528).wav,1,1,babycrying
mix_baby(529).wav,1,1,babycrying
mix_baby(530).wav,1,1,babycrying
mix_baby(531).wav,1,1,babycrying
mix_baby(532).wav,1,1,babycrying
mix_baby(533).wav,1,1,babycrying
mix_baby(534).wav,1,1,babycrying
mix_baby(535).wav,1,1,babycrying
mix_baby(536).wav,1,1,babycrying
mix_baby(537).wav,1,1,babycrying
mix_baby(538).wav,1,1,babycrying
mix_baby(539).wav,1,1,babycrying
mix_baby(540).wav,1,1,babycrying
mix_baby(541).wav,1,1,babycrying
mix_baby(542).wav,1,1,babycrying
mix_baby(543).wav,1,1,babycrying
mix_baby(544).wav,1,1,babycrying
mix_baby(545).wav,1,1,babycrying
mix_baby(546).wav,1,1,babycrying
mix_baby(547).wav,1,1,babycrying
mix_baby(548).wav,1,1,babycrying
mix_baby(549).wav,1,1,babycrying
mix_baby(550).wav,1,1,babycrying
mix_baby(551).wav,1,1,babycrying
mix_baby(552).wav,1,1,babycrying
mix_baby(553).wav,1,1,babycrying
mix_baby(554).wav,1,1,babycrying
mix_baby(555).wav,1,1,babycrying
mix_baby(556).wav,1,1,babycrying
mix_baby(557).wav,1,1,babycrying
mix_baby(558).wav,1,1,babycrying
mix_baby(559).wav,1,1,babycrying
mix_baby(560).wav,1,1,babycrying
mix_baby(561).wav,1,1,babycrying
mix_baby(562).wav,1,1,babycrying
mix_baby(563).wav,1,1,babycrying
mix_baby(564).wav,1,1,babycrying
mix_baby(565).wav,1,1,babycrying
mix_baby(566).wav,1,1,babycrying
mix_baby(567).wav,1,1,babycrying
mix_baby(568).wav,1,1,babycrying
mix_baby(569).wav,1,1,babycrying
mix_baby(570).wav,1,1,babycrying
mix_baby(571).wav,1,1,babycrying
mix_baby(572).wav,1,1,babycrying
mix_baby(573).wav,1,1,babycrying
mix_baby(574).wav,1,1,babycrying
mix_baby(575).wav,1,1,babycrying
mix_baby(576).wav,1,1,babycrying
mix_baby(577).wav,1,1,babycrying
mix_baby(578).wav,1,1,babycrying
mix_baby(579).wav,1,1,babycrying
mix_baby(580).wav,1,1,babycrying
mix_baby(581).wav,1,1,babycrying
mix_baby(582).wav,1,1,babycrying
mix_baby(583).wav,1,1,babycrying
mix_baby(584).wav,1,1,babycrying
mix_baby(585).wav,1,1,babycrying
mix_baby(586).wav,1,1,babycrying
mix_baby(587).wav,1,1,babycrying
mix_baby(588).wav,1,1,babycrying
mix_baby(589).wav,1,1,babycrying
mix_baby(590).wav,1,1,babycrying
mix_baby(591).wav,1,1,babycrying
mix_baby(592).wav,1,1,babycrying
mix_baby(593).wav,1,1,babycrying
mix_baby(594).wav,1,1,babycrying
mix_baby(595).wav,1,1,babycrying
mix_baby(596).wav,1,1,babycrying
mix_baby(597).wav,1,1,babycrying
mix_baby(598).wav,1,1,babycrying
mix_baby(599).wav,1,1,babycrying
mix_baby(600).wav,1,1,babycrying
mix_baby(601).wav,1,1,babycrying
mix_baby(602).wav,1,1,babycrying
mix_baby(603).wav,1,1,babycrying
mix_baby(604).wav,1,1,babycrying
mix_baby(605).wav,1,1,babycrying
mix_baby(606).wav,1,1,babycrying
mix_baby(607).wav,1,1,babycrying
mix_baby(608).wav,1,1,babycrying
mix_baby(609).wav,1,1,babycrying
mix_baby(610).wav,1,1,babycrying
mix_baby(611).wav,1,1,babycrying
mix_baby(612).wav,1,1,babycrying
mix_baby(613).wav,1,1,babycrying
mix_baby(614).wav,1,1,babycrying
mix_baby(615).wav,1,1,babycrying
mix_baby(616).wav,1,1,babycrying
mix_baby(617).wav,1,1,babycrying
mix_baby(618).wav,1,1,babycrying
mix_baby(619).wav,1,1,babycrying
mix_baby(620).wav,1,1,babycrying
mix_baby(621).wav,1,1,babycrying
mix_baby(622).wav,1,1,babycrying
mix_baby(623).wav,1,1,babycrying
mix_baby(624).wav,1,1,babycrying
mix_baby(625).wav,1,1,babycrying
mix_baby(626).wav,1,1,babycrying
mix_baby(627).wav,1,1,babycrying
mix_baby(628).wav,1,1,babycrying
mix_baby(629).wav,1,1,babycrying
mix_baby(630).wav,1,1,babycrying
mix_baby(631).wav,1,1,babycrying
mix_baby(632).wav,1,1,babycrying
mix_baby(633).wav,1,1,babycrying
mix_baby(634).wav,1,1,babycrying
mix_baby(635).wav,1,1,babycrying
mix_baby(636).wav,1,1,babycrying
mix_baby(637).wav,1,1,babycrying
mix_baby(638).wav,1,1,babycrying
mix_baby(639).wav,1,1,babycrying
mix_baby(640).wav,1,1,babycrying
mix_baby(641).wav,1,1,babycrying
mix_baby(642).wav,1,1,babycrying
mix_baby(643).wav,1,1,babycrying
mix_baby(644).wav,1,1,babycrying
mix_baby(645).wav,1,1,babycrying
mix_baby(646).wav,1,1,babycrying
mix_baby(647).wav,1,1,babycrying
mix_baby(648).wav,1,1,babycrying
mix_baby(649).wav,1,1,babycrying
mix_baby(650).wav,1,1,babycrying
mix_baby(651).wav,1,1,babycrying
mix_baby(652).wav,1,1,babycrying
mix_baby(653).wav,1,1,babycrying
mix_baby(654).wav,1,1,babycrying
mix_baby(655).wav,1,1,babycrying
mix_baby(656).wav,1,1,babycrying
mix_baby(657).wav,1,1,babycrying
mix_baby(658).wav,1,1,babycrying
mix_baby(659).wav,1,1,babycrying
mix_baby(660).wav,1,1,babycrying
mix_baby(661).wav,1,1,babycrying
mix_baby(662).wav,1,1,babycrying
mix_baby(663).wav,1,1,babycrying
mix_baby(664).wav,1,1,babycrying
mix_baby(665).wav,1,1,babycrying
mix_baby(666).wav,1,1,babycrying
mix_baby(667).wav,1,1,babycrying
mix_baby(668).wav,1,1,babycrying
mix_baby(669).wav,1,1,babycrying
mix_baby(670).wav,1,1,babycrying
mix_baby(671).wav,1,1,babycrying
mix_baby(672).wav,1,1,babycrying
mix_baby(673).wav,1,1,babycrying
mix_baby(674).wav,1,1,babycrying
mix_baby(675).wav,1,1,babycrying
mix_baby(676).wav,1,1,babycrying
mix_baby(677).wav,1,1,babycrying
mix_baby(678).wav,1,1,babycrying
mix_baby(679).wav,1,1,babycrying
mix_baby(680).wav,1,1,babycrying
mix_baby(681).wav,1,1,babycrying
mix_baby(682).wav,1,1,babycrying
mix_baby(683).wav,1,1,babycrying
mix_baby(684).wav,1,1,babycrying
mix_baby(685).wav,1,1,babycrying
mix_baby(686).wav,1,1,babycrying
mix_baby(687).wav,1,1,babycrying
mix_baby(688).wav,1,1,babycrying
mix_baby(689).wav,1,1,babycrying
mix_baby(690).wav,1,1,babycrying
mix_baby(691).wav,1,1,babycrying
mix_baby(692).wav,1,1,babycrying
mix_baby(693).wav,1,1,babycrying
mix_baby(694).wav,1,1,babycrying
mix_baby(695).wav,1,1,babycrying
mix_baby(696).wav,1,1,babycrying
mix_baby(697).wav,1,1,babycrying
mix_baby(698).wav,1,1,babycrying
mix_baby(699).wav,1,1,babycrying
mix_baby(700).wav,1,1,babycrying
mix_baby(701).wav,1,1,babycrying
mix_baby(702).wav,1,1,babycrying
mix_baby(703).wav,1,1,babycrying
mix_baby(704).wav,1,1,babycrying
mix_baby(705).wav,1,1,babycrying
mix_baby(706).wav,1,1,babycrying
mix_baby(707).wav,1,1,babycrying
mix_baby(708).wav,1,1,babycrying
mix_baby(709).wav,1,1,babycrying
mix_baby(710).wav,1,1,babycrying
mix_baby(711).wav,1,1,babycrying
mix_baby(712).wav,1,1,babycrying
mix_baby(713).wav,1,1,babycrying
mix_baby(714).wav,1,1,babycrying
mix_baby(715).wav,1,1,babycrying
mix_baby(716).wav,1,1,babycrying
mix_baby(717).wav,1,1,babycrying
mix_baby(718).wav,1,1,babycrying
mix_baby(719).wav,1,1,babycrying
mix_baby(720).wav,1,1,babycrying
mix_baby(721).wav,1,1,babycrying
mix_baby(722).wav,1,1,babycrying
mix_baby(723).wav,1,1,babycrying
mix_baby(724).wav,1,1,babycrying
mix_baby(725).wav,1,1,babycrying
mix_baby(726).wav,1,1,babycrying
mix_baby(727).wav,1,1,babycrying
mix_baby(728).wav,1,1,babycrying
mix_baby(729).wav,1,1,babycrying
mix_baby(730).wav,1,1,babycrying
mix_baby(731).wav,1,1,babycrying
mix_baby(732).wav,1,1,babycrying
mix_baby(733).wav,1,1,babycrying
mix_baby(734).wav,1,1,babycrying
mix_baby(735).wav,1,1,babycrying
mix_baby(736).wav,1,1,babycrying
mix_baby(737).wav,1,1,babycrying
mix_baby(738).wav,1,1,babycrying
mix_baby(739).wav,1,1,babycrying
mix_baby(740).wav,1,1,babycrying
mix_baby(741).wav,1,1,babycrying
mix_baby(742).wav,1,1,babycrying
mix_baby(743).wav,1,1,babycrying
mix_baby(744).wav,1,1,babycrying
mix_baby(745).wav,1,1,babycrying
mix_baby(746).wav,1,1,babycrying
mix_baby(747).wav,1,1,babycrying
mix_baby(748).wav,1,1,babycrying
mix_baby(749).wav,1,1,babycrying
mix_baby(750).wav,1,1,babycrying
mix_baby(751).wav,1,1,babycrying
mix_baby(752).wav,1,1,babycrying
mix_baby(753).wav,1,1,babycrying
mix_baby(754).wav,1,1,babycrying
mix_baby(755).wav,1,1,babycrying
mix_baby(756).wav,1,1,babycrying
mix_baby(757).wav,1,1,babycrying
mix_baby(758).wav,1,1,babycrying
mix_baby(759).wav,1,1,babycrying
mix_baby(760).wav,1,1,babycrying
mix_baby(761).wav,1,1,babycrying
mix_baby(762).wav,1,1,babycrying
mix_baby(763).wav,1,1,babycrying
mix_baby(764).wav,1,1,babycrying
mix_baby(765).wav,1,1,babycrying
mix_baby(766).wav,1,1,babycrying
mix_baby(767).wav,1,1,babycrying
mix_baby(768).wav,1,1,babycrying
mix_baby(769).wav,1,1,babycrying
mix_baby(770).wav,1,1,babycrying
mix_baby(771).wav,1,1,babycrying
mix_baby(772).wav,1,1,babycrying
mix_baby(773).wav,1,1,babycrying
mix_baby(774).wav,1,1,babycrying
mix_baby(775).wav,1,1,babycrying
mix_baby(776).wav,1,1,babycrying
mix_baby(777).wav,1,1,babycrying
mix_baby(778).wav,1,1,babycrying
mix_baby(779).wav,1,1,babycrying
mix_baby(780).wav,1,1,babycrying
mix_baby(781).wav,1,1,babycrying
mix_baby(782).wav,1,1,babycrying
mix_baby(783).wav,1,1,babycrying
mix_baby(784).wav,1,1,babycrying
mix_baby(785).wav,1,1,babycrying
mix_baby(786).wav,1,1,babycrying
mix_baby(787).wav,1,1,babycrying
mix_baby(788).wav,1,1,babycrying
mix_baby(789).wav,1,1,babycrying
mix_baby(790).wav,1,1,babycrying
mix_baby(791).wav,1,1,babycrying
mix_baby(792).wav,1,1,babycrying
mix_baby(793).wav,1,1,babycrying
mix_baby(794).wav,1,1,babycrying
mix_baby(795).wav,1,1,babycrying
mix_baby(796).wav,1,1,babycrying
mix_baby(797).wav,1,1,babycrying
mix_baby(798).wav,1,1,babycrying
mix_baby(799).wav,1,1,babycrying
mix_baby(800).wav,1,1,babycrying
mix_baby(801).wav,1,1,babycrying
mix_baby(802).wav,1,1,babycrying
mix_baby(803).wav,1,1,babycrying
mix_baby(804).wav,1,1,babycrying
mix_baby(805).wav,1,1,babycrying
mix_baby(806).wav,1,1,babycrying
mix_baby(807).wav,1,1,babycrying
mix_baby(808).wav,1,1,babycrying
mix_baby(809).wav,1,1,babycrying
mix_baby(810).wav,1,1,babycrying
mix_baby(811).wav,1,1,babycrying
mix_baby(812).wav,1,1,babycrying
mix_baby(813).wav,1,1,babycrying
mix_baby(814).wav,1,1,babycrying
mix_baby(815).wav,1,1,babycrying
mix_baby(816).wav,1,1,babycrying
mix_baby(817).wav,1,1,babycrying
mix_baby(818).wav,1,1,babycrying
mix_baby(819).wav,1,1,babycrying
mix_baby(820).wav,1,1,babycrying
mix_baby(821).wav,1,1,babycrying
mix_baby(822).wav,1,1,babycrying
mix_baby(823).wav,1,1,babycrying
mix_baby(824).wav,1,1,babycrying
mix_baby(825).wav,1,1,babycrying
mix_baby(826).wav,1,1,babycrying
mix_baby(827).wav,1,1,babycrying
mix_baby(828).wav,1,1,babycrying
mix_baby(829).wav,1,1,babycrying
mix_baby(830).wav,1,1,babycrying
mix_baby(831).wav,1,1,babycrying
mix_baby(832).wav,1,1,babycrying
mix_baby(833).wav,1,1,babycrying
mix_baby(834).wav,1,1,babycrying
mix_baby(835).wav,1,1,babycrying
mix_baby(836).wav,1,1,babycrying
mix_baby(837).wav,1,1,babycrying
mix_baby(838).wav,1,1,babycrying
mix_baby(839).wav,1,1,babycrying
mix_baby(840).wav,1,1,babycrying
mix_baby(841).wav,1,1,babycrying
mix_baby(842).wav,1,1,babycrying
mix_baby(843).wav,1,1,babycrying
mix_baby(844).wav,1,1,babycrying
mix_baby(845).wav,1,1,babycrying
mix_baby(846).wav,1,1,babycrying
mix_baby(847).wav,1,1,babycrying
mix_baby(848).wav,1,1,babycrying
mix_baby(849).wav,1,1,babycrying
mix_baby(850).wav,1,1,babycrying
mix_baby(851).wav,1,1,babycrying
mix_baby(852).wav,1,1,babycrying
mix_baby(853).wav,1,1,babycrying
mix_baby(854).wav,1,1,babycrying
mix_baby(855).wav,1,1,babycrying
mix_baby(856).wav,1,1,babycrying
mix_baby(857).wav,1,1,babycrying
mix_baby(858).wav,1,1,babycrying
mix_baby(859).wav,1,1,babycrying
mix_baby(860).wav,1,1,babycrying
mix_baby(861).wav,1,1,babycrying
mix_baby(862).wav,1,1,babycrying
mix_baby(863).wav,1,1,babycrying
mix_baby(864).wav,1,1,babycrying
mix_baby(865).wav,1,1,babycrying
mix_baby(866).wav,1,1,babycrying
mix_baby(867).wav,1,1,babycrying
mix_baby(868).wav,1,1,babycrying
mix_baby(869).wav,1,1,babycrying
mix_baby(870).wav,1,1,babycrying
mix_baby(871).wav,1,1,babycrying
mix_baby(872).wav,1,1,babycrying
mix_baby(873).wav,1,1,babycrying
mix_baby(874).wav,1,1,babycrying
mix_baby(875).wav,1,1,babycrying
mix_baby(876).wav,1,1,babycrying
mix_baby(877).wav,1,1,babycrying
mix_baby(878).wav,1,1,babycrying
mix_baby(879).wav,1,1,babycrying
mix_baby(880).wav,1,1,babycrying
mix_baby(881).wav,1,1,babycrying
mix_baby(882).wav,1,1,babycrying
mix_baby(883).wav,1,1,babycrying
mix_baby(884).wav,1,1,babycrying
mix_baby(885).wav,1,1,babycrying
mix_baby(886).wav,1,1,babycrying
mix_baby(887).wav,1,1,babycrying
mix_baby(888).wav,1,1,babycrying
mix_baby(889).wav,1,1,babycrying
mix_baby(890).wav,1,1,babycrying
mix_baby(891).wav,1,1,babycrying
mix_baby(892).wav,1,1,babycrying
mix_baby(893).wav,1,1,babycrying
mix_baby(894).wav,1,1,babycrying
mix_baby(895).wav,1,1,babycrying
mix_baby(896).wav,1,1,babycrying
mix_baby(897).wav,1,1,babycrying
mix_baby(898).wav,1,1,babycrying
mix_baby(899).wav,1,1,babycrying
mix_baby(900).wav,1,1,babycrying
mix_baby(901).wav,1,1,babycrying
mix_baby(902).wav,1,1,babycrying
mix_baby(903).wav,1,1,babycrying
mix_baby(904).wav,1,1,babycrying
mix_baby(905).wav,1,1,babycrying
mix_baby(906).wav,1,1,babycrying
mix_baby(907).wav,1,1,babycrying
mix_baby(908).wav,1,1,babycrying
mix_baby(909).wav,1,1,babycrying
mix_baby(910).wav,1,1,babycrying
mix_baby(911).wav,1,1,babycrying
mix_baby(912).wav,1,1,babycrying
mix_baby(913).wav,1,1,babycrying
mix_baby(914).wav,1,1,babycrying
mix_baby(915).wav,1,1,babycrying
mix_baby(916).wav,1,1,babycrying
mix_baby(917).wav,1,1,babycrying
mix_baby(918).wav,1,1,babycrying
mix_baby(919).wav,1,1,babycrying
mix_baby(920).wav,1,1,babycrying
mix_baby(921).wav,1,1,babycrying
mix_baby(922).wav,1,1,babycrying
mix_baby(923).wav,1,1,babycrying
mix_baby(924).wav,1,1,babycrying
mix_baby(925).wav,1,1,babycrying
mix_baby(926).wav,1,1,babycrying
mix_baby(927).wav,1,1,babycrying
mix_baby(928).wav,1,1,babycrying
mix_baby(929).wav,1,1,babycrying
mix_baby(930).wav,1,1,babycrying
mix_baby(931).wav,1,1,babycrying
mix_baby(932).wav,1,1,babycrying
mix_baby(933).wav,1,1,babycrying
mix_baby(934).wav,1,1,babycrying
mix_baby(935).wav,1,1,babycrying
mix_baby(936).wav,1,1,babycrying
mix_baby(937).wav,1,1,babycrying
mix_baby(938).wav,1,1,babycrying
mix_baby(939).wav,1,1,babycrying
mix_baby(940).wav,1,1,babycrying
mix_baby(941).wav,1,1,babycrying
mix_baby(942).wav,1,1,babycrying
mix_baby(943).wav,1,1,babycrying
mix_baby(944).wav,1,1,babycrying
mix_baby(945).wav,1,1,babycrying
mix_baby(946).wav,1,1,babycrying
mix_baby(947).wav,1,1,babycrying
mix_baby(948).wav,1,1,babycrying
mix_baby(949).wav,1,1,babycrying
mix_baby(950).wav,1,1,babycrying
mix_baby(951).wav,1,1,babycrying
mix_baby(952).wav,1,1,babycrying
mix_baby(953).wav,1,1,babycrying
mix_baby(954).wav,1,1,babycrying
mix_baby(955).wav,1,1,babycrying
mix_baby(956).wav,1,1,babycrying
mix_baby(957).wav,1,1,babycrying
mix_baby(958).wav,1,1,babycrying
mix_baby(959).wav,1,1,babycrying
mix_baby(960).wav,1,1,babycrying
mix_baby(961).wav,1,1,babycrying
mix_baby(962).wav,1,1,babycrying
mix_baby(963).wav,1,1,babycrying
mix_baby(964).wav,1,1,babycrying
mix_baby(965).wav,1,1,babycrying
mix_baby(966).wav,1,1,babycrying
mix_baby(967).wav,1,1,babycrying
mix_baby(968).wav,1,1,babycrying
mix_baby(969).wav,1,1,babycrying
mix_baby(970).wav,1,1,babycrying
mix_baby(971).wav,1,1,babycrying
mix_baby(972).wav,1,1,babycrying
mix_baby(973).wav,1,1,babycrying
mix_baby(974).wav,1,1,babycrying
mix_baby(975).wav,1,1,babycrying
mix_baby(976).wav,1,1,babycrying
mix_baby(977).wav,1,1,babycrying
mix_baby(978).wav,1,1,babycrying
mix_baby(979).wav,1,1,babycrying
mix_baby(980).wav,1,1,babycrying
mix_baby(981).wav,1,1,babycrying
mix_baby(982).wav,1,1,babycrying
mix_baby(983).wav,1,1,babycrying
mix_baby(984).wav,1,1,babycrying
mix_baby(985).wav,1,1,babycrying
mix_baby(986).wav,1,1,babycrying
mix_baby(987).wav,1,1,babycrying
mix_baby(988).wav,1,1,babycrying
mix_baby(989).wav,1,1,babycrying
mix_baby(990).wav,1,1,babycrying
mix_baby(991).wav,1,1,babycrying
mix_baby(992).wav,1,1,babycrying
mix_baby(993).wav,1,1,babycrying
mix_baby(994).wav,1,1,babycrying
mix_baby(995).wav,1,1,babycrying
mix_baby(996).wav,1,1,babycrying
mix_baby(997).wav,1,1,babycrying
mix_baby(998).wav,1,1,babycrying
mix_baby(999).wav,1,1,babycrying
mix_carhorn(1).wav,1,1,carhorn
mix_carhorn(2).wav,2,2,carhorn
mix_carhorn(3).wav,2,2,carhorn
mix_carhorn(4).wav,2,2,carhorn
mix_carhorn(5).wav,2,2,carhorn
mix_carhorn(6).wav,2,2,carhorn
mix_carhorn(7).wav,2,2,carhorn
mix_carhorn(8).wav,2,2,carhorn
mix_carhorn(9).wav,2,2,carhorn
mix_carhorn(10).wav,2,2,carhorn
mix_carhorn(11).wav,2,2,carhorn
mix_carhorn(12).wav,2,2,carhorn
mix_carhorn(13).wav,2,2,carhorn
mix_carhorn(14).wav,2,2,carhorn
mix_carhorn(15).wav,2,2,carhorn
mix_carhorn(16).wav,2,2,carhorn
mix_carhorn(17).wav,2,2,carhorn
mix_carhorn(18).wav,2,2,carhorn
mix_carhorn(19).wav,2,2,carhorn
mix_carhorn(20).wav,2,2,carhorn
mix_carhorn(21).wav,2,2,carhorn
mix_carhorn(22).wav,2,2,carhorn
mix_carhorn(23).wav,2,2,carhorn
mix_carhorn(24).wav,2,2,carhorn
mix_carhorn(25).wav,2,2,carhorn
mix_carhorn(26).wav,2,2,carhorn
mix_carhorn(27).wav,2,2,carhorn
mix_carhorn(28).wav,2,2,carhorn
mix_carhorn(29).wav,2,2,carhorn
mix_carhorn(30).wav,2,2,carhorn
mix_carhorn(31).wav,2,2,carhorn
mix_carhorn(32).wav,2,2,carhorn
mix_carhorn(33).wav,2,2,carhorn
mix_carhorn(34).wav,2,2,carhorn
mix_carhorn(35).wav,2,2,carhorn
mix_carhorn(36).wav,2,2,carhorn
mix_carhorn(37).wav,2,2,carhorn
mix_carhorn(38).wav,2,2,carhorn
mix_carhorn(39).wav,2,2,carhorn
mix_carhorn(40).wav,2,2,carhorn
mix_carhorn(41).wav,2,2,carhorn
mix_carhorn(42).wav,2,2,carhorn
mix_carhorn(43).wav,2,2,carhorn
mix_carhorn(44).wav,2,2,carhorn
mix_carhorn(45).wav,2,2,carhorn
mix_carhorn(46).wav,2,2,carhorn
mix_carhorn(47).wav,2,2,carhorn
mix_carhorn(48).wav,2,2,carhorn
mix_carhorn(49).wav,2,2,carhorn
mix_carhorn(50).wav,2,2,carhorn
mix_carhorn(51).wav,2,2,carhorn
mix_carhorn(52).wav,2,2,carhorn
mix_carhorn(53).wav,2,2,carhorn
mix_carhorn(54).wav,2,2,carhorn
mix_carhorn(55).wav,2,2,carhorn
mix_carhorn(56).wav,2,2,carhorn
mix_carhorn(57).wav,2,2,carhorn
mix_carhorn(58).wav,2,2,carhorn
mix_carhorn(59).wav,2,2,carhorn
mix_carhorn(60).wav,2,2,carhorn
mix_carhorn(61).wav,2,2,carhorn
mix_carhorn(62).wav,2,2,carhorn
mix_carhorn(63).wav,2,2,carhorn
mix_carhorn(64).wav,2,2,carhorn
mix_carhorn(65).wav,2,2,carhorn
mix_carhorn(66).wav,2,2,carhorn
mix_carhorn(67).wav,2,2,carhorn
mix_carhorn(68).wav,2,2,carhorn
mix_carhorn(69).wav,2,2,carhorn
mix_carhorn(70).wav,2,2,carhorn
mix_carhorn(71).wav,2,2,carhorn
mix_carhorn(72).wav,2,2,carhorn
mix_carhorn(73).wav,2,2,carhorn
mix_carhorn(74).wav,2,2,carhorn
mix_carhorn(75).wav,2,2,carhorn
mix_carhorn(76).wav,2,2,carhorn
mix_carhorn(77).wav,2,2,carhorn
mix_carhorn(78).wav,2,2,carhorn
mix_carhorn(79).wav,2,2,carhorn
mix_carhorn(80).wav,2,2,carhorn
mix_carhorn(81).wav,2,2,carhorn
mix_carhorn(82).wav,2,2,carhorn
mix_carhorn(83).wav,2,2,carhorn
mix_carhorn(84).wav,2,2,carhorn
mix_carhorn(85).wav,2,2,carhorn
mix_carhorn(86).wav,2,2,carhorn
mix_carhorn(87).wav,2,2,carhorn
mix_carhorn(88).wav,2,2,carhorn
mix_carhorn(89).wav,2,2,carhorn
mix_carhorn(90).wav,2,2,carhorn
mix_carhorn(91).wav,2,2,carhorn
mix_carhorn(92).wav,2,2,carhorn
mix_carhorn(93).wav,2,2,carhorn
mix_carhorn(94).wav,2,2,carhorn
mix_carhorn(95).wav,2,2,carhorn
mix_carhorn(96).wav,2,2,carhorn
mix_carhorn(97).wav,2,2,carhorn
mix_carhorn(98).wav,2,2,carhorn
mix_carhorn(99).wav,2,2,carhorn
mix_carhorn(100).wav,2,2,carhorn
mix_carhorn(101).wav,2,2,carhorn
mix_carhorn(102).wav,2,2,carhorn
mix_carhorn(103).wav,2,2,carhorn
mix_carhorn(104).wav,2,2,carhorn
mix_carhorn(105).wav,2,2,carhorn
mix_carhorn(106).wav,2,2,carhorn
mix_carhorn(107).wav,2,2,carhorn
mix_carhorn(108).wav,2,2,carhorn
mix_carhorn(109).wav,2,2,carhorn
mix_carhorn(110).wav,2,2,carhorn
mix_carhorn(111).wav,2,2,carhorn
mix_carhorn(112).wav,2,2,carhorn
mix_carhorn(113).wav,2,2,carhorn
mix_carhorn(114).wav,2,2,carhorn
mix_carhorn(115).wav,2,2,carhorn
mix_carhorn(116).wav,2,2,carhorn
mix_carhorn(117).wav,2,2,carhorn
mix_carhorn(118).wav,2,2,carhorn
mix_carhorn(119).wav,2,2,carhorn
mix_carhorn(120).wav,2,2,carhorn
mix_carhorn(121).wav,2,2,carhorn
mix_carhorn(122).wav,2,2,carhorn
mix_carhorn(123).wav,2,2,carhorn
mix_carhorn(124).wav,2,2,carhorn
mix_carhorn(125).wav,2,2,carhorn
mix_carhorn(126).wav,2,2,carhorn
mix_carhorn(127).wav,2,2,carhorn
mix_carhorn(128).wav,2,2,carhorn
mix_carhorn(129).wav,2,2,carhorn
mix_carhorn(130).wav,2,2,carhorn
mix_carhorn(131).wav,2,2,carhorn
mix_carhorn(132).wav,2,2,carhorn
mix_carhorn(133).wav,2,2,carhorn
mix_carhorn(134).wav,2,2,carhorn
mix_carhorn(135).wav,2,2,carhorn
mix_carhorn(136).wav,2,2,carhorn
mix_carhorn(137).wav,2,2,carhorn
mix_carhorn(138).wav,2,2,carhorn
mix_carhorn(139).wav,2,2,carhorn
mix_carhorn(140).wav,2,2,carhorn
mix_carhorn(141).wav,2,2,carhorn
mix_carhorn(142).wav,2,2,carhorn
mix_carhorn(143).wav,2,2,carhorn
mix_carhorn(144).wav,2,2,carhorn
mix_carhorn(145).wav,2,2,carhorn
mix_carhorn(146).wav,2,2,carhorn
mix_carhorn(147).wav,2,2,carhorn
mix_carhorn(148).wav,2,2,carhorn
mix_carhorn(149).wav,2,2,carhorn
mix_carhorn(150).wav,2,2,carhorn
mix_carhorn(151).wav,2,2,carhorn
mix_carhorn(152).wav,2,2,carhorn
mix_carhorn(153).wav,2,2,carhorn
mix_carhorn(154).wav,2,2,carhorn
mix_carhorn(155).wav,2,2,carhorn
mix_carhorn(156).wav,2,2,carhorn
mix_carhorn(157).wav,2,2,carhorn
mix_carhorn(158).wav,2,2,carhorn
mix_carhorn(159).wav,2,2,carhorn
mix_carhorn(160).wav,2,2,carhorn
mix_carhorn(161).wav,2,2,carhorn
mix_carhorn(162).wav,2,2,carhorn
mix_carhorn(163).wav,2,2,carhorn
mix_carhorn(164).wav,2,2,carhorn
mix_carhorn(165).wav,2,2,carhorn
mix_carhorn(166).wav,2,2,carhorn
mix_carhorn(167).wav,2,2,carhorn
mix_carhorn(168).wav,2,2,carhorn
mix_carhorn(169).wav,2,2,carhorn
mix_carhorn(170).wav,2,2,carhorn
mix_carhorn(171).wav,2,2,carhorn
mix_carhorn(172).wav,2,2,carhorn
mix_carhorn(173).wav,2,2,carhorn
mix_carhorn(174).wav,2,2,carhorn
mix_carhorn(175).wav,2,2,carhorn
mix_carhorn(176).wav,2,2,carhorn
mix_carhorn(177).wav,2,2,carhorn
mix_carhorn(178).wav,2,2,carhorn
mix_carhorn(179).wav,2,2,carhorn
mix_carhorn(180).wav,2,2,carhorn
mix_carhorn(181).wav,2,2,carhorn
mix_carhorn(182).wav,2,2,carhorn
mix_carhorn(183).wav,2,2,carhorn
mix_carhorn(184).wav,2,2,carhorn
mix_carhorn(185).wav,2,2,carhorn
mix_carhorn(186).wav,2,2,carhorn
mix_carhorn(187).wav,2,2,carhorn
mix_carhorn(188).wav,2,2,carhorn
mix_carhorn(189).wav,2,2,carhorn
mix_carhorn(190).wav,2,2,carhorn
mix_carhorn(191).wav,2,2,carhorn
mix_carhorn(192).wav,2,2,carhorn
mix_carhorn(193).wav,2,2,carhorn
mix_carhorn(194).wav,2,2,carhorn
mix_carhorn(195).wav,2,2,carhorn
mix_carhorn(196).wav,2,2,carhorn
mix_carhorn(197).wav,2,2,carhorn
mix_carhorn(198).wav,2,2,carhorn
mix_carhorn(199).wav,2,2,carhorn
mix_carhorn(200).wav,2,2,carhorn
mix_carhorn(201).wav,2,2,carhorn
mix_carhorn(202).wav,2,2,carhorn
mix_carhorn(203).wav,2,2,carhorn
mix_carhorn(204).wav,2,2,carhorn
mix_carhorn(205).wav,2,2,carhorn
mix_carhorn(206).wav,2,2,carhorn
mix_carhorn(207).wav,2,2,carhorn
mix_carhorn(208).wav,2,2,carhorn
mix_carhorn(209).wav,2,2,carhorn
mix_carhorn(210).wav,2,2,carhorn
mix_carhorn(211).wav,2,2,carhorn
mix_carhorn(212).wav,2,2,carhorn
mix_carhorn(213).wav,2,2,carhorn
mix_carhorn(214).wav,2,2,carhorn
mix_carhorn(215).wav,2,2,carhorn
mix_carhorn(216).wav,2,2,carhorn
mix_carhorn(217).wav,2,2,carhorn
mix_carhorn(218).wav,2,2,carhorn
mix_carhorn(219).wav,2,2,carhorn
mix_carhorn(220).wav,2,2,carhorn
mix_carhorn(221).wav,2,2,carhorn
mix_carhorn(222).wav,2,2,carhorn
mix_carhorn(223).wav,2,2,carhorn
mix_carhorn(224).wav,2,2,carhorn
mix_carhorn(225).wav,2,2,carhorn
mix_carhorn(226).wav,2,2,carhorn
mix_carhorn(227).wav,2,2,carhorn
mix_carhorn(228).wav,2,2,carhorn
mix_carhorn(229).wav,2,2,carhorn
mix_carhorn(230).wav,2,2,carhorn
mix_carhorn(231).wav,2,2,carhorn
mix_carhorn(232).wav,2,2,carhorn
mix_carhorn(233).wav,2,2,carhorn
mix_carhorn(234).wav,2,2,carhorn
mix_carhorn(235).wav,2,2,carhorn
mix_carhorn(236).wav,2,2,carhorn
mix_carhorn(237).wav,2,2,carhorn
mix_carhorn(238).wav,2,2,carhorn
mix_carhorn(239).wav,2,2,carhorn
mix_carhorn(240).wav,2,2,carhorn
mix_carhorn(241).wav,2,2,carhorn
mix_carhorn(242).wav,2,2,carhorn
mix_carhorn(243).wav,2,2,carhorn
mix_carhorn(244).wav,2,2,carhorn
mix_carhorn(245).wav,2,2,carhorn
mix_carhorn(246).wav,2,2,carhorn
mix_carhorn(247).wav,2,2,carhorn
mix_carhorn(248).wav,2,2,carhorn
mix_carhorn(249).wav,2,2,carhorn
mix_carhorn(250).wav,2,2,carhorn
mix_carhorn(251).wav,2,2,carhorn
mix_carhorn(252).wav,2,2,carhorn
mix_carhorn(253).wav,2,2,carhorn
mix_carhorn(254).wav,2,2,carhorn
mix_carhorn(255).wav,2,2,carhorn
mix_carhorn(256).wav,2,2,carhorn
mix_carhorn(257).wav,2,2,carhorn
mix_carhorn(258).wav,2,2,carhorn
mix_carhorn(259).wav,2,2,carhorn
mix_carhorn(260).wav,2,2,carhorn
mix_carhorn(261).wav,2,2,carhorn
mix_carhorn(262).wav,2,2,carhorn
mix_carhorn(263).wav,2,2,carhorn
mix_carhorn(264).wav,2,2,carhorn
mix_carhorn(265).wav,2,2,carhorn
mix_carhorn(266).wav,2,2,carhorn
mix_carhorn(267).wav,2,2,carhorn
mix_carhorn(268).wav,2,2,carhorn
mix_carhorn(269).wav,2,2,carhorn
mix_carhorn(270).wav,2,2,carhorn
mix_carhorn(271).wav,2,2,carhorn
mix_carhorn(272).wav,2,2,carhorn
mix_carhorn(273).wav,2,2,carhorn
mix_carhorn(274).wav,2,2,carhorn
mix_carhorn(275).wav,2,2,carhorn
mix_carhorn(276).wav,2,2,carhorn
mix_carhorn(277).wav,2,2,carhorn
mix_carhorn(278).wav,2,2,carhorn
mix_carhorn(279).wav,2,2,carhorn
mix_carhorn(280).wav,2,2,carhorn
mix_carhorn(281).wav,2,2,carhorn
mix_carhorn(282).wav,2,2,carhorn
mix_carhorn(283).wav,2,2,carhorn
mix_carhorn(284).wav,2,2,carhorn
mix_carhorn(285).wav,2,2,carhorn
mix_carhorn(286).wav,2,2,carhorn
mix_carhorn(287).wav,2,2,carhorn
mix_carhorn(288).wav,2,2,carhorn
mix_carhorn(289).wav,2,2,carhorn
mix_carhorn(290).wav,2,2,carhorn
mix_carhorn(291).wav,2,2,carhorn
mix_carhorn(292).wav,2,2,carhorn
mix_carhorn(293).wav,2,2,carhorn
mix_carhorn(294).wav,2,2,carhorn
mix_carhorn(295).wav,2,2,carhorn
mix_carhorn(296).wav,2,2,carhorn
mix_carhorn(297).wav,2,2,carhorn
mix_carhorn(298).wav,2,2,carhorn
mix_carhorn(299).wav,2,2,carhorn
mix_carhorn(300).wav,2,2,carhorn
mix_carhorn(301).wav,2,2,carhorn
mix_carhorn(302).wav,2,2,carhorn
mix_carhorn(303).wav,2,2,carhorn
mix_carhorn(304).wav,2,2,carhorn
mix_carhorn(305).wav,2,2,carhorn
mix_carhorn(306).wav,2,2,carhorn
mix_carhorn(307).wav,2,2,carhorn
mix_carhorn(308).wav,2,2,carhorn
mix_carhorn(309).wav,2,2,carhorn
mix_carhorn(310).wav,2,2,carhorn
mix_carhorn(311).wav,2,2,carhorn
mix_carhorn(312).wav,2,2,carhorn
mix_carhorn(313).wav,2,2,carhorn
mix_carhorn(314).wav,2,2,carhorn
mix_carhorn(315).wav,2,2,carhorn
mix_carhorn(316).wav,2,2,carhorn
mix_carhorn(317).wav,2,2,carhorn
mix_carhorn(318).wav,2,2,carhorn
mix_carhorn(319).wav,2,2,carhorn
mix_carhorn(320).wav,2,2,carhorn
mix_carhorn(321).wav,2,2,carhorn
mix_carhorn(322).wav,2,2,carhorn
mix_carhorn(323).wav,2,2,carhorn
mix_carhorn(324).wav,2,2,carhorn
mix_carhorn(325).wav,2,2,carhorn
mix_carhorn(326).wav,2,2,carhorn
mix_carhorn(327).wav,2,2,carhorn
mix_carhorn(328).wav,2,2,carhorn
mix_carhorn(329).wav,2,2,carhorn
mix_carhorn(330).wav,2,2,carhorn
mix_carhorn(331).wav,2,2,carhorn
mix_carhorn(332).wav,2,2,carhorn
mix_carhorn(333).wav,2,2,carhorn
mix_carhorn(334).wav,2,2,carhorn
mix_carhorn(335).wav,2,2,carhorn
mix_carhorn(336).wav,2,2,carhorn
mix_carhorn(337).wav,2,2,carhorn
mix_carhorn(338).wav,2,2,carhorn
mix_carhorn(339).wav,2,2,carhorn
mix_carhorn(340).wav,2,2,carhorn
mix_carhorn(341).wav,2,2,carhorn
mix_carhorn(342).wav,2,2,carhorn
mix_carhorn(343).wav,2,2,carhorn
mix_carhorn(344).wav,2,2,carhorn
mix_carhorn(345).wav,2,2,carhorn
mix_carhorn(346).wav,2,2,carhorn
mix_carhorn(347).wav,2,2,carhorn
mix_carhorn(348).wav,2,2,carhorn
mix_carhorn(349).wav,2,2,carhorn
mix_carhorn(350).wav,2,2,carhorn
mix_carhorn(351).wav,2,2,carhorn
mix_carhorn(352).wav,2,2,carhorn
mix_carhorn(353).wav,2,2,carhorn
mix_carhorn(354).wav,2,2,carhorn
mix_carhorn(355).wav,2,2,carhorn
mix_carhorn(356).wav,2,2,carhorn
mix_carhorn(357).wav,2,2,carhorn
mix_carhorn(358).wav,2,2,carhorn
mix_carhorn(359).wav,2,2,carhorn
mix_carhorn(360).wav,2,2,carhorn
mix_carhorn(361).wav,2,2,carhorn
mix_carhorn(362).wav,2,2,carhorn
mix_carhorn(363).wav,2,2,carhorn
mix_carhorn(364).wav,2,2,carhorn
mix_carhorn(365).wav,2,2,carhorn
mix_carhorn(366).wav,2,2,carhorn
mix_carhorn(367).wav,2,2,carhorn
mix_carhorn(368).wav,2,2,carhorn
mix_carhorn(369).wav,2,2,carhorn
mix_carhorn(370).wav,2,2,carhorn
mix_carhorn(371).wav,2,2,carhorn
mix_carhorn(372).wav,2,2,carhorn
mix_carhorn(373).wav,2,2,carhorn
mix_carhorn(374).wav,2,2,carhorn
mix_carhorn(375).wav,2,2,carhorn
mix_carhorn(376).wav,2,2,carhorn
mix_carhorn(377).wav,2,2,carhorn
mix_carhorn(378).wav,2,2,carhorn
mix_carhorn(379).wav,2,2,carhorn
mix_carhorn(380).wav,2,2,carhorn
mix_carhorn(381).wav,2,2,carhorn
mix_carhorn(382).wav,2,2,carhorn
mix_carhorn(383).wav,2,2,carhorn
mix_carhorn(384).wav,2,2,carhorn
mix_carhorn(385).wav,2,2,carhorn
mix_carhorn(386).wav,2,2,carhorn
mix_carhorn(387).wav,2,2,carhorn
mix_carhorn(388).wav,2,2,carhorn
mix_carhorn(389).wav,2,2,carhorn
mix_carhorn(390).wav,2,2,carhorn
mix_carhorn(391).wav,2,2,carhorn
mix_carhorn(392).wav,2,2,carhorn
mix_carhorn(393).wav,2,2,carhorn
mix_carhorn(394).wav,2,2,carhorn
mix_carhorn(395).wav,2,2,carhorn
mix_carhorn(396).wav,2,2,carhorn
mix_carhorn(397).wav,2,2,carhorn
mix_carhorn(398).wav,2,2,carhorn
mix_carhorn(399).wav,2,2,carhorn
mix_carhorn(400).wav,2,2,carhorn
mix_carhorn(401).wav,2,2,carhorn
mix_carhorn(402).wav,2,2,carhorn
mix_carhorn(403).wav,2,2,carhorn
mix_carhorn(404).wav,2,2,carhorn
mix_carhorn(405).wav,2,2,carhorn
mix_carhorn(406).wav,2,2,carhorn
mix_carhorn(407).wav,2,2,carhorn
mix_carhorn(408).wav,2,2,carhorn
mix_carhorn(409).wav,2,2,carhorn
mix_carhorn(410).wav,2,2,carhorn
mix_carhorn(411).wav,2,2,carhorn
mix_carhorn(412).wav,2,2,carhorn
mix_carhorn(413).wav,2,2,carhorn
mix_carhorn(414).wav,2,2,carhorn
mix_carhorn(415).wav,2,2,carhorn
mix_carhorn(416).wav,2,2,carhorn
mix_carhorn(417).wav,2,2,carhorn
mix_carhorn(418).wav,2,2,carhorn
mix_carhorn(419).wav,2,2,carhorn
mix_carhorn(420).wav,2,2,carhorn
mix_carhorn(421).wav,2,2,carhorn
mix_carhorn(422).wav,2,2,carhorn
mix_carhorn(423).wav,2,2,carhorn
mix_carhorn(424).wav,2,2,carhorn
mix_carhorn(425).wav,2,2,carhorn
mix_carhorn(426).wav,2,2,carhorn
mix_carhorn(427).wav,2,2,carhorn
mix_carhorn(428).wav,2,2,carhorn
mix_carhorn(429).wav,2,2,carhorn
mix_carhorn(430).wav,2,2,carhorn
mix_carhorn(431).wav,2,2,carhorn
mix_carhorn(432).wav,2,2,carhorn
mix_carhorn(433).wav,2,2,carhorn
mix_carhorn(434).wav,2,2,carhorn
mix_carhorn(435).wav,2,2,carhorn
mix_carhorn(436).wav,2,2,carhorn
mix_carhorn(437).wav,2,2,carhorn
mix_carhorn(438).wav,2,2,carhorn
mix_carhorn(439).wav,2,2,carhorn
mix_carhorn(440).wav,2,2,carhorn
mix_carhorn(441).wav,2,2,carhorn
mix_carhorn(442).wav,2,2,carhorn
mix_carhorn(443).wav,2,2,carhorn
mix_carhorn(444).wav,2,2,carhorn
mix_carhorn(445).wav,2,2,carhorn
mix_carhorn(446).wav,2,2,carhorn
mix_carhorn(447).wav,2,2,carhorn
mix_carhorn(448).wav,2,2,carhorn
mix_carhorn(449).wav,2,2,carhorn
mix_carhorn(450).wav,2,2,carhorn
mix_carhorn(451).wav,2,2,carhorn
mix_carhorn(452).wav,2,2,carhorn
mix_carhorn(453).wav,2,2,carhorn
mix_carhorn(454).wav,2,2,carhorn
mix_carhorn(455).wav,2,2,carhorn
mix_carhorn(456).wav,2,2,carhorn
mix_carhorn(457).wav,2,2,carhorn
mix_carhorn(458).wav,2,2,carhorn
mix_carhorn(459).wav,2,2,carhorn
mix_carhorn(460).wav,2,2,carhorn
mix_carhorn(461).wav,2,2,carhorn
mix_carhorn(462).wav,2,2,carhorn
mix_carhorn(463).wav,2,2,carhorn
mix_carhorn(464).wav,2,2,carhorn
mix_carhorn(465).wav,2,2,carhorn
mix_carhorn(466).wav,2,2,carhorn
mix_carhorn(467).wav,2,2,carhorn
mix_carhorn(468).wav,2,2,carhorn
mix_carhorn(469).wav,2,2,carhorn
mix_carhorn(470).wav,2,2,carhorn
mix_carhorn(471).wav,2,2,carhorn
mix_carhorn(472).wav,2,2,carhorn
mix_carhorn(473).wav,2,2,carhorn
mix_carhorn(474).wav,2,2,carhorn
mix_carhorn(475).wav,2,2,carhorn
mix_carhorn(476).wav,2,2,carhorn
mix_carhorn(477).wav,2,2,carhorn
mix_carhorn(478).wav,2,2,carhorn
mix_carhorn(479).wav,2,2,carhorn
mix_carhorn(480).wav,2,2,carhorn
mix_carhorn(481).wav,2,2,carhorn
mix_carhorn(482).wav,2,2,carhorn
mix_carhorn(483).wav,2,2,carhorn
mix_carhorn(484).wav,2,2,carhorn
mix_carhorn(485).wav,2,2,carhorn
mix_carhorn(486).wav,2,2,carhorn
mix_carhorn(487).wav,2,2,carhorn
mix_carhorn(488).wav,2,2,carhorn
mix_carhorn(489).wav,2,2,carhorn
mix_carhorn(490).wav,2,2,carhorn
mix_carhorn(491).wav,2,2,carhorn
mix_carhorn(492).wav,2,2,carhorn
mix_carhorn(493).wav,2,2,carhorn
mix_carhorn(494).wav,2,2,carhorn
mix_carhorn(495).wav,2,2,carhorn
mix_carhorn(496).wav,2,2,carhorn
mix_carhorn(497).wav,2,2,carhorn
mix_carhorn(498).wav,2,2,carhorn
mix_carhorn(499).wav,2,2,carhorn
mix_carhorn(500).wav,2,2,carhorn
mix_carhorn(501).wav,2,2,carhorn
mix_carhorn(502).wav,2,2,carhorn
mix_carhorn(503).wav,2,2,carhorn
mix_carhorn(504).wav,2,2,carhorn
mix_carhorn(505).wav,2,2,carhorn
mix_carhorn(506).wav,2,2,carhorn
mix_carhorn(507).wav,2,2,carhorn
mix_carhorn(508).wav,2,2,carhorn
mix_carhorn(509).wav,2,2,carhorn
mix_carhorn(510).wav,2,2,carhorn
mix_carhorn(511).wav,2,2,carhorn
mix_carhorn(512).wav,2,2,carhorn
mix_carhorn(513).wav,2,2,carhorn
mix_carhorn(514).wav,2,2,carhorn
mix_carhorn(515).wav,2,2,carhorn
mix_carhorn(516).wav,2,2,carhorn
mix_carhorn(517).wav,2,2,carhorn
mix_carhorn(518).wav,2,2,carhorn
mix_carhorn(519).wav,2,2,carhorn
mix_carhorn(520).wav,2,2,carhorn
mix_carhorn(521).wav,2,2,carhorn
mix_carhorn(522).wav,2,2,carhorn
mix_carhorn(523).wav,2,2,carhorn
mix_carhorn(524).wav,2,2,carhorn
mix_carhorn(525).wav,2,2,carhorn
mix_carhorn(526).wav,2,2,carhorn
mix_carhorn(527).wav,2,2,carhorn
mix_carhorn(528).wav,2,2,carhorn
mix_carhorn(529).wav,2,2,carhorn
mix_carhorn(530).wav,2,2,carhorn
mix_carhorn(531).wav,2,2,carhorn
mix_carhorn(532).wav,2,2,carhorn
mix_carhorn(533).wav,2,2,carhorn
mix_carhorn(534).wav,2,2,carhorn
mix_carhorn(535).wav,2,2,carhorn
mix_carhorn(536).wav,2,2,carhorn
mix_carhorn(537).wav,2,2,carhorn
mix_carhorn(538).wav,2,2,carhorn
mix_carhorn(539).wav,2,2,carhorn
mix_carhorn(540).wav,2,2,carhorn
mix_carhorn(541).wav,2,2,carhorn
mix_carhorn(542).wav,2,2,carhorn
mix_carhorn(543).wav,2,2,carhorn
mix_carhorn(544).wav,2,2,carhorn
mix_carhorn(545).wav,2,2,carhorn
mix_carhorn(546).wav,2,2,carhorn
mix_carhorn(547).wav,2,2,carhorn
mix_carhorn(548).wav,2,2,carhorn
mix_carhorn(549).wav,2,2,carhorn
mix_carhorn(550).wav,2,2,carhorn
mix_carhorn(551).wav,2,2,carhorn
mix_carhorn(552).wav,2,2,carhorn
mix_carhorn(553).wav,2,2,carhorn
mix_carhorn(554).wav,2,2,carhorn
mix_carhorn(555).wav,2,2,carhorn
mix_carhorn(556).wav,2,2,carhorn
mix_carhorn(557).wav,2,2,carhorn
mix_carhorn(558).wav,2,2,carhorn
mix_carhorn(559).wav,2,2,carhorn
mix_carhorn(560).wav,2,2,carhorn
mix_carhorn(561).wav,2,2,carhorn
mix_carhorn(562).wav,2,2,carhorn
mix_carhorn(563).wav,2,2,carhorn
mix_carhorn(564).wav,2,2,carhorn
mix_carhorn(565).wav,2,2,carhorn
mix_carhorn(566).wav,2,2,carhorn
mix_carhorn(567).wav,2,2,carhorn
mix_carhorn(568).wav,2,2,carhorn
mix_carhorn(569).wav,2,2,carhorn
mix_carhorn(570).wav,2,2,carhorn
mix_carhorn(571).wav,2,2,carhorn
mix_carhorn(572).wav,2,2,carhorn
mix_carhorn(573).wav,2,2,carhorn
mix_carhorn(574).wav,2,2,carhorn
mix_carhorn(575).wav,2,2,carhorn
mix_carhorn(576).wav,2,2,carhorn
mix_carhorn(577).wav,2,2,carhorn
mix_carhorn(578).wav,2,2,carhorn
mix_carhorn(579).wav,2,2,carhorn
mix_carhorn(580).wav,2,2,carhorn
mix_carhorn(581).wav,2,2,carhorn
mix_carhorn(582).wav,2,2,carhorn
mix_carhorn(583).wav,2,2,carhorn
mix_carhorn(584).wav,2,2,carhorn
mix_carhorn(585).wav,2,2,carhorn
mix_carhorn(586).wav,2,2,carhorn
mix_carhorn(587).wav,2,2,carhorn
mix_carhorn(588).wav,2,2,carhorn
mix_carhorn(589).wav,2,2,carhorn
mix_carhorn(590).wav,2,2,carhorn
mix_carhorn(591).wav,2,2,carhorn
mix_carhorn(592).wav,2,2,carhorn
mix_carhorn(593).wav,2,2,carhorn
mix_carhorn(594).wav,2,2,carhorn
mix_carhorn(595).wav,2,2,carhorn
mix_carhorn(596).wav,2,2,carhorn
mix_carhorn(597).wav,2,2,carhorn
mix_carhorn(598).wav,2,2,carhorn
mix_carhorn(599).wav,2,2,carhorn
mix_carhorn(600).wav,2,2,carhorn
mix_carhorn(601).wav,2,2,carhorn
mix_carhorn(602).wav,2,2,carhorn
mix_carhorn(603).wav,2,2,carhorn
mix_carhorn(604).wav,2,2,carhorn
mix_carhorn(605).wav,2,2,carhorn
mix_carhorn(606).wav,2,2,carhorn
mix_carhorn(607).wav,2,2,carhorn
mix_carhorn(608).wav,2,2,carhorn
mix_carhorn(609).wav,2,2,carhorn
mix_carhorn(610).wav,2,2,carhorn
mix_carhorn(611).wav,2,2,carhorn
mix_carhorn(612).wav,2,2,carhorn
mix_carhorn(613).wav,2,2,carhorn
mix_carhorn(614).wav,2,2,carhorn
mix_carhorn(615).wav,2,2,carhorn
mix_carhorn(616).wav,2,2,carhorn
mix_carhorn(617).wav,2,2,carhorn
mix_carhorn(618).wav,2,2,carhorn
mix_carhorn(619).wav,2,2,carhorn
mix_carhorn(620).wav,2,2,carhorn
mix_carhorn(621).wav,2,2,carhorn
mix_carhorn(622).wav,2,2,carhorn
mix_carhorn(623).wav,2,2,carhorn
mix_carhorn(624).wav,2,2,carhorn
mix_carhorn(625).wav,2,2,carhorn
mix_carhorn(626).wav,2,2,carhorn
mix_carhorn(627).wav,2,2,carhorn
mix_carhorn(628).wav,2,2,carhorn
mix_carhorn(629).wav,2,2,carhorn
mix_carhorn(630).wav,2,2,carhorn
mix_carhorn(631).wav,2,2,carhorn
mix_carhorn(632).wav,2,2,carhorn
mix_carhorn(633).wav,2,2,carhorn
mix_carhorn(634).wav,2,2,carhorn
mix_carhorn(635).wav,2,2,carhorn
mix_carhorn(636).wav,2,2,carhorn
mix_carhorn(637).wav,2,2,carhorn
mix_carhorn(638).wav,2,2,carhorn
mix_carhorn(639).wav,2,2,carhorn
mix_carhorn(640).wav,2,2,carhorn
mix_carhorn(641).wav,2,2,carhorn
mix_carhorn(642).wav,2,2,carhorn
mix_carhorn(643).wav,2,2,carhorn
mix_carhorn(644).wav,2,2,carhorn
mix_carhorn(645).wav,2,2,carhorn
mix_carhorn(646).wav,2,2,carhorn
mix_carhorn(647).wav,2,2,carhorn
mix_carhorn(648).wav,2,2,carhorn
mix_carhorn(649).wav,2,2,carhorn
mix_carhorn(650).wav,2,2,carhorn
mix_carhorn(651).wav,2,2,carhorn
mix_carhorn(652).wav,2,2,carhorn
mix_carhorn(653).wav,2,2,carhorn
mix_carhorn(654).wav,2,2,carhorn
mix_carhorn(655).wav,2,2,carhorn
mix_carhorn(656).wav,2,2,carhorn
mix_carhorn(657).wav,2,2,carhorn
mix_carhorn(658).wav,2,2,carhorn
mix_carhorn(659).wav,2,2,carhorn
mix_carhorn(660).wav,2,2,carhorn
mix_carhorn(661).wav,2,2,carhorn
mix_carhorn(662).wav,2,2,carhorn
mix_carhorn(663).wav,2,2,carhorn
mix_carhorn(664).wav,2,2,carhorn
mix_carhorn(665).wav,2,2,carhorn
mix_carhorn(666).wav,2,2,carhorn
mix_carhorn(667).wav,2,2,carhorn
mix_carhorn(668).wav,2,2,carhorn
mix_carhorn(669).wav,2,2,carhorn
mix_carhorn(670).wav,2,2,carhorn
mix_carhorn(671).wav,2,2,carhorn
mix_carhorn(672).wav,2,2,carhorn
mix_carhorn(673).wav,2,2,carhorn
mix_carhorn(674).wav,2,2,carhorn
mix_carhorn(675).wav,2,2,carhorn
mix_carhorn(676).wav,2,2,carhorn
mix_carhorn(677).wav,2,2,carhorn
mix_carhorn(678).wav,2,2,carhorn
mix_carhorn(679).wav,2,2,carhorn
mix_carhorn(680).wav,2,2,carhorn
mix_carhorn(681).wav,2,2,carhorn
mix_carhorn(682).wav,2,2,carhorn
mix_carhorn(683).wav,2,2,carhorn
mix_siren(1).wav,3,3,siren
mix_siren(2).wav,3,3,siren
mix_siren(3).wav,3,3,siren
mix_siren(4).wav,3,3,siren
mix_siren(5).wav,3,3,siren
mix_siren(6).wav,3,3,siren
mix_siren(7).wav,3,3,siren
mix_siren(8).wav,3,3,siren
mix_siren(9).wav,3,3,siren
mix_siren(10).wav,3,3,siren
mix_siren(11).wav,3,3,siren
mix_siren(12).wav,3,3,siren
mix_siren(13).wav,3,3,siren
mix_siren(14).wav,3,3,siren
mix_siren(15).wav,3,3,siren
mix_siren(16).wav,3,3,siren
mix_siren(17).wav,3,3,siren
mix_siren(18).wav,3,3,siren
mix_siren(19).wav,3,3,siren
mix_siren(20).wav,3,3,siren
mix_siren(21).wav,3,3,siren
mix_siren(22).wav,3,3,siren
mix_siren(23).wav,3,3,siren
mix_siren(24).wav,3,3,siren
mix_siren(25).wav,3,3,siren
mix_siren(26).wav,3,3,siren
mix_siren(27).wav,3,3,siren
mix_siren(28).wav,3,3,siren
mix_siren(29).wav,3,3,siren
mix_siren(30).wav,3,3,siren
mix_siren(31).wav,3,3,siren
mix_siren(32).wav,3,3,siren
mix_siren(33).wav,3,3,siren
mix_siren(34).wav,3,3,siren
mix_siren(35).wav,3,3,siren
mix_siren(36).wav,3,3,siren
mix_siren(37).wav,3,3,siren
mix_siren(38).wav,3,3,siren
mix_siren(39).wav,3,3,siren
mix_siren(40).wav,3,3,siren
mix_siren(41).wav,3,3,siren
mix_siren(42).wav,3,3,siren
mix_siren(43).wav,3,3,siren
mix_siren(44).wav,3,3,siren
mix_siren(45).wav,3,3,siren
mix_siren(46).wav,3,3,siren
mix_siren(47).wav,3,3,siren
mix_siren(48).wav,3,3,siren
mix_siren(49).wav,3,3,siren
mix_siren(50).wav,3,3,siren
mix_siren(51).wav,3,3,siren
mix_siren(52).wav,3,3,siren
mix_siren(53).wav,3,3,siren
mix_siren(54).wav,3,3,siren
mix_siren(55).wav,3,3,siren
mix_siren(56).wav,3,3,siren
mix_siren(57).wav,3,3,siren
mix_siren(58).wav,3,3,siren
mix_siren(59).wav,3,3,siren
mix_siren(60).wav,3,3,siren
mix_siren(61).wav,3,3,siren
mix_siren(62).wav,3,3,siren
mix_siren(63).wav,3,3,siren
mix_siren(64).wav,3,3,siren
mix_siren(65).wav,3,3,siren
mix_siren(66).wav,3,3,siren
mix_siren(67).wav,3,3,siren
mix_siren(68).wav,3,3,siren
mix_siren(69).wav,3,3,siren
mix_siren(70).wav,3,3,siren
mix_siren(71).wav,3,3,siren
mix_siren(72).wav,3,3,siren
mix_siren(73).wav,3,3,siren
mix_siren(74).wav,3,3,siren
mix_siren(75).wav,3,3,siren
mix_siren(76).wav,3,3,siren
mix_siren(77).wav,3,3,siren
mix_siren(78).wav,3,3,siren
mix_siren(79).wav,3,3,siren
mix_siren(80).wav,3,3,siren
mix_siren(81).wav,3,3,siren
mix_siren(82).wav,3,3,siren
mix_siren(83).wav,3,3,siren
mix_siren(84).wav,3,3,siren
mix_siren(85).wav,3,3,siren
mix_siren(86).wav,3,3,siren
mix_siren(87).wav,3,3,siren
mix_siren(88).wav,3,3,siren
mix_siren(89).wav,3,3,siren
mix_siren(90).wav,3,3,siren
mix_siren(91).wav,3,3,siren
mix_siren(92).wav,3,3,siren
mix_siren(93).wav,3,3,siren
mix_siren(94).wav,3,3,siren
mix_siren(95).wav,3,3,siren
mix_siren(96).wav,3,3,siren
mix_siren(97).wav,3,3,siren
mix_siren(98).wav,3,3,siren
mix_siren(99).wav,3,3,siren
mix_siren(100).wav,3,3,siren
mix_siren(101).wav,3,3,siren
mix_siren(102).wav,3,3,siren
mix_siren(103).wav,3,3,siren
mix_siren(104).wav,3,3,siren
mix_siren(105).wav,3,3,siren
mix_siren(106).wav,3,3,siren
mix_siren(107).wav,3,3,siren
mix_siren(108).wav,3,3,siren
mix_siren(109).wav,3,3,siren
mix_siren(110).wav,3,3,siren
mix_siren(111).wav,3,3,siren
mix_siren(112).wav,3,3,siren
mix_siren(113).wav,3,3,siren
mix_siren(114).wav,3,3,siren
mix_siren(115).wav,3,3,siren
mix_siren(116).wav,3,3,siren
mix_siren(117).wav,3,3,siren
mix_siren(118).wav,3,3,siren
mix_siren(119).wav,3,3,siren
mix_siren(120).wav,3,3,siren
mix_siren(121).wav,3,3,siren
mix_siren(122).wav,3,3,siren
mix_siren(123).wav,3,3,siren
mix_siren(124).wav,3,3,siren
mix_siren(125).wav,3,3,siren
mix_siren(126).wav,3,3,siren
mix_siren(127).wav,3,3,siren
mix_siren(128).wav,3,3,siren
mix_siren(129).wav,3,3,siren
mix_siren(130).wav,3,3,siren
mix_siren(131).wav,3,3,siren
mix_siren(132).wav,3,3,siren
mix_siren(133).wav,3,3,siren
mix_siren(134).wav,3,3,siren
mix_siren(135).wav,3,3,siren
mix_siren(136).wav,3,3,siren
mix_siren(137).wav,3,3,siren
mix_siren(138).wav,3,3,siren
mix_siren(139).wav,3,3,siren
mix_siren(140).wav,3,3,siren
mix_siren(141).wav,3,3,siren
mix_siren(142).wav,3,3,siren
mix_siren(143).wav,3,3,siren
mix_siren(144).wav,3,3,siren
mix_siren(145).wav,3,3,siren
mix_siren(146).wav,3,3,siren
mix_siren(147).wav,3,3,siren
mix_siren(148).wav,3,3,siren
mix_siren(149).wav,3,3,siren
mix_siren(150).wav,3,3,siren
mix_siren(151).wav,3,3,siren
mix_siren(152).wav,3,3,siren
mix_siren(153).wav,3,3,siren
mix_siren(154).wav,3,3,siren
mix_siren(155).wav,3,3,siren
mix_siren(156).wav,3,3,siren
mix_siren(157).wav,3,3,siren
mix_siren(158).wav,3,3,siren
mix_siren(159).wav,3,3,siren
mix_siren(160).wav,3,3,siren
mix_siren(161).wav,3,3,siren
mix_siren(162).wav,3,3,siren
mix_siren(163).wav,3,3,siren
mix_siren(164).wav,3,3,siren
mix_siren(165).wav,3,3,siren
mix_siren(166).wav,3,3,siren
mix_siren(167).wav,3,3,siren
mix_siren(168).wav,3,3,siren
mix_siren(169).wav,3,3,siren
mix_siren(170).wav,3,3,siren
mix_siren(171).wav,3,3,siren
mix_siren(172).wav,3,3,siren
mix_siren(173).wav,3,3,siren
mix_siren(174).wav,3,3,siren
mix_siren(175).wav,3,3,siren
mix_siren(176).wav,3,3,siren
mix_siren(177).wav,3,3,siren
mix_siren(178).wav,3,3,siren
mix_siren(179).wav,3,3,siren
mix_siren(180).wav,3,3,siren
mix_siren(181).wav,3,3,siren
mix_siren(182).wav,3,3,siren
mix_siren(183).wav,3,3,siren
mix_siren(184).wav,3,3,siren
mix_siren(185).wav,3,3,siren
mix_siren(186).wav,3,3,siren
mix_siren(187).wav,3,3,siren
mix_siren(188).wav,3,3,siren
mix_siren(189).wav,3,3,siren
mix_siren(190).wav,3,3,siren
mix_siren(191).wav,3,3,siren
mix_siren(192).wav,3,3,siren
mix_siren(193).wav,3,3,siren
mix_siren(194).wav,3,3,siren
mix_siren(195).wav,3,3,siren
mix_siren(196).wav,3,3,siren
mix_siren(197).wav,3,3,siren
mix_siren(198).wav,3,3,siren
mix_siren(199).wav,3,3,siren
mix_siren(200).wav,3,3,siren
mix_siren(201).wav,3,3,siren
mix_siren(202).wav,3,3,siren
mix_siren(203).wav,3,3,siren
mix_siren(204).wav,3,3,siren
mix_siren(205).wav,3,3,siren
mix_siren(206).wav,3,3,siren
mix_siren(207).wav,3,3,siren
mix_siren(208).wav,3,3,siren
mix_siren(209).wav,3,3,siren
mix_siren(210).wav,3,3,siren
mix_siren(211).wav,3,3,siren
mix_siren(212).wav,3,3,siren
mix_siren(213).wav,3,3,siren
mix_siren(214).wav,3,3,siren
mix_siren(215).wav,3,3,siren
mix_siren(216).wav,3,3,siren
mix_siren(217).wav,3,3,siren
mix_siren(218).wav,3,3,siren
mix_siren(219).wav,3,3,siren
mix_siren(220).wav,3,3,siren
mix_siren(221).wav,3,3,siren
mix_siren(222).wav,3,3,siren
mix_siren(223).wav,3,3,siren
mix_siren(224).wav,3,3,siren
mix_siren(225).wav,3,3,siren
mix_siren(226).wav,3,3,siren
mix_siren(227).wav,3,3,siren
mix_siren(228).wav,3,3,siren
mix_siren(229).wav,3,3,siren
mix_siren(230).wav,3,3,siren
mix_siren(231).wav,3,3,siren
mix_siren(232).wav,3,3,siren
mix_siren(233).wav,3,3,siren
mix_siren(234).wav,3,3,siren
mix_siren(235).wav,3,3,siren
mix_siren(236).wav,3,3,siren
mix_siren(237).wav,3,3,siren
mix_siren(238).wav,3,3,siren
mix_siren(239).wav,3,3,siren
mix_siren(240).wav,3,3,siren
mix_siren(241).wav,3,3,siren
mix_siren(242).wav,3,3,siren
mix_siren(243).wav,3,3,siren
mix_siren(244).wav,3,3,siren
mix_siren(245).wav,3,3,siren
mix_siren(246).wav,3,3,siren
mix_siren(247).wav,3,3,siren
mix_siren(248).wav,3,3,siren
mix_siren(249).wav,3,3,siren
mix_siren(250).wav,3,3,siren
mix_siren(251).wav,3,3,siren
mix_siren(252).wav,3,3,siren
mix_siren(253).wav,3,3,siren
mix_siren(254).wav,3,3,siren
mix_siren(255).wav,3,3,siren
mix_siren(256).wav,3,3,siren
mix_siren(257).wav,3,3,siren
mix_siren(258).wav,3,3,siren
mix_siren(259).wav,3,3,siren
mix_siren(260).wav,3,3,siren
mix_siren(261).wav,3,3,siren
mix_siren(262).wav,3,3,siren
mix_siren(263).wav,3,3,siren
mix_siren(264).wav,3,3,siren
mix_siren(265).wav,3,3,siren
mix_siren(266).wav,3,3,siren
mix_siren(267).wav,3,3,siren
mix_siren(268).wav,3,3,siren
mix_siren(269).wav,3,3,siren
mix_siren(270).wav,3,3,siren
mix_siren(271).wav,3,3,siren
mix_siren(272).wav,3,3,siren
mix_siren(273).wav,3,3,siren
mix_siren(274).wav,3,3,siren
mix_siren(275).wav,3,3,siren
mix_siren(276).wav,3,3,siren
mix_siren(277).wav,3,3,siren
mix_siren(278).wav,3,3,siren
mix_siren(279).wav,3,3,siren
mix_siren(280).wav,3,3,siren
mix_siren(281).wav,3,3,siren
mix_siren(282).wav,3,3,siren
mix_siren(283).wav,3,3,siren
mix_siren(284).wav,3,3,siren
mix_siren(285).wav,3,3,siren
mix_siren(286).wav,3,3,siren
mix_siren(287).wav,3,3,siren
mix_siren(288).wav,3,3,siren
mix_siren(289).wav,3,3,siren
mix_siren(290).wav,3,3,siren
mix_siren(291).wav,3,3,siren
mix_siren(292).wav,3,3,siren
mix_siren(293).wav,3,3,siren
mix_siren(294).wav,3,3,siren
mix_siren(295).wav,3,3,siren
mix_siren(296).wav,3,3,siren
mix_siren(297).wav,3,3,siren
mix_siren(298).wav,3,3,siren
mix_siren(299).wav,3,3,siren
mix_siren(300).wav,3,3,siren
mix_siren(301).wav,3,3,siren
mix_siren(302).wav,3,3,siren
mix_siren(303).wav,3,3,siren
mix_siren(304).wav,3,3,siren
mix_siren(305).wav,3,3,siren
mix_siren(306).wav,3,3,siren
mix_siren(307).wav,3,3,siren
mix_siren(308).wav,3,3,siren
mix_siren(309).wav,3,3,siren
mix_siren(310).wav,3,3,siren
mix_siren(311).wav,3,3,siren
mix_siren(312).wav,3,3,siren
mix_siren(313).wav,3,3,siren
mix_siren(314).wav,3,3,siren
mix_siren(315).wav,3,3,siren
mix_siren(316).wav,3,3,siren
mix_siren(317).wav,3,3,siren
mix_siren(318).wav,3,3,siren
mix_siren(319).wav,3,3,siren
mix_siren(320).wav,3,3,siren
mix_siren(321).wav,3,3,siren
mix_siren(322).wav,3,3,siren
mix_siren(323).wav,3,3,siren
mix_siren(324).wav,3,3,siren
mix_siren(325).wav,3,3,siren
mix_siren(326).wav,3,3,siren
mix_siren(327).wav,3,3,siren
mix_siren(328).wav,3,3,siren
mix_siren(329).wav,3,3,siren
mix_siren(330).wav,3,3,siren
mix_siren(331).wav,3,3,siren
mix_siren(332).wav,3,3,siren
mix_siren(333).wav,3,3,siren
mix_siren(334).wav,3,3,siren
mix_siren(335).wav,3,3,siren
mix_siren(336).wav,3,3,siren
mix_siren(337).wav,3,3,siren
mix_siren(338).wav,3,3,siren
mix_siren(339).wav,3,3,siren
mix_siren(340).wav,3,3,siren
mix_siren(341).wav,3,3,siren
mix_siren(342).wav,3,3,siren
mix_siren(343).wav,3,3,siren
mix_siren(344).wav,3,3,siren
mix_siren(345).wav,3,3,siren
mix_siren(346).wav,3,3,siren
mix_siren(347).wav,3,3,siren
mix_siren(348).wav,3,3,siren
mix_siren(349).wav,3,3,siren
mix_siren(350).wav,3,3,siren
mix_siren(351).wav,3,3,siren
mix_siren(352).wav,3,3,siren
mix_siren(353).wav,3,3,siren
mix_siren(354).wav,3,3,siren
mix_siren(355).wav,3,3,siren
mix_siren(356).wav,3,3,siren
mix_siren(357).wav,3,3,siren
mix_siren(358).wav,3,3,siren
mix_siren(359).wav,3,3,siren
mix_siren(360).wav,3,3,siren
mix_siren(361).wav,3,3,siren
mix_siren(362).wav,3,3,siren
mix_siren(363).wav,3,3,siren
mix_siren(364).wav,3,3,siren
mix_siren(365).wav,3,3,siren
mix_siren(366).wav,3,3,siren
mix_siren(367).wav,3,3,siren
mix_siren(368).wav,3,3,siren
mix_siren(369).wav,3,3,siren
mix_siren(370).wav,3,3,siren
mix_siren(371).wav,3,3,siren
mix_siren(372).wav,3,3,siren
mix_siren(373).wav,3,3,siren
mix_siren(374).wav,3,3,siren
mix_siren(375).wav,3,3,siren
mix_siren(376).wav,3,3,siren
mix_siren(377).wav,3,3,siren
mix_siren(378).wav,3,3,siren
mix_siren(379).wav,3,3,siren
mix_siren(380).wav,3,3,siren
mix_siren(381).wav,3,3,siren
mix_siren(382).wav,3,3,siren
mix_siren(383).wav,3,3,siren
mix_siren(384).wav,3,3,siren
mix_siren(385).wav,3,3,siren
mix_siren(386).wav,3,3,siren
mix_siren(387).wav,3,3,siren
mix_siren(388).wav,3,3,siren
mix_siren(389).wav,3,3,siren
mix_siren(390).wav,3,3,siren
mix_siren(391).wav,3,3,siren
mix_siren(392).wav,3,3,siren
mix_siren(393).wav,3,3,siren
mix_siren(394).wav,3,3,siren
mix_siren(395).wav,3,3,siren
mix_siren(396).wav,3,3,siren
mix_siren(397).wav,3,3,siren
mix_siren(398).wav,3,3,siren
mix_siren(399).wav,3,3,siren
mix_siren(400).wav,3,3,siren
mix_siren(401).wav,3,3,siren
mix_siren(402).wav,3,3,siren
mix_siren(403).wav,3,3,siren
mix_siren(404).wav,3,3,siren
mix_siren(405).wav,3,3,siren
mix_siren(406).wav,3,3,siren
mix_siren(407).wav,3,3,siren
mix_siren(408).wav,3,3,siren
mix_siren(409).wav,3,3,siren
mix_siren(410).wav,3,3,siren
mix_siren(411).wav,3,3,siren
mix_siren(412).wav,3,3,siren
mix_siren(413).wav,3,3,siren
mix_siren(414).wav,3,3,siren
mix_siren(415).wav,3,3,siren
mix_siren(416).wav,3,3,siren
mix_siren(417).wav,3,3,siren
mix_siren(418).wav,3,3,siren
mix_siren(419).wav,3,3,siren
mix_siren(420).wav,3,3,siren
mix_siren(421).wav,3,3,siren
mix_siren(422).wav,3,3,siren
mix_siren(423).wav,3,3,siren
mix_siren(424).wav,3,3,siren
mix_siren(425).wav,3,3,siren
mix_siren(426).wav,3,3,siren
mix_siren(427).wav,3,3,siren
mix_siren(428).wav,3,3,siren
mix_siren(429).wav,3,3,siren
mix_siren(430).wav,3,3,siren
mix_siren(431).wav,3,3,siren
mix_siren(432).wav,3,3,siren
mix_siren(433).wav,3,3,siren
mix_siren(434).wav,3,3,siren
mix_siren(435).wav,3,3,siren
mix_siren(436).wav,3,3,siren
mix_siren(437).wav,3,3,siren
mix_siren(438).wav,3,3,siren
mix_siren(439).wav,3,3,siren
mix_siren(440).wav,3,3,siren
mix_siren(441).wav,3,3,siren
mix_siren(442).wav,3,3,siren
mix_siren(443).wav,3,3,siren
mix_siren(444).wav,3,3,siren
mix_siren(445).wav,3,3,siren
mix_siren(446).wav,3,3,siren
mix_siren(447).wav,3,3,siren
mix_siren(448).wav,3,3,siren
mix_siren(449).wav,3,3,siren
mix_siren(450).wav,3,3,siren
mix_siren(451).wav,3,3,siren
mix_siren(452).wav,3,3,siren
mix_siren(453).wav,3,3,siren
mix_siren(454).wav,3,3,siren
mix_siren(455).wav,3,3,siren
mix_siren(456).wav,3,3,siren
mix_siren(457).wav,3,3,siren
mix_siren(458).wav,3,3,siren
mix_siren(459).wav,3,3,siren
mix_siren(460).wav,3,3,siren
mix_siren(461).wav,3,3,siren
mix_siren(462).wav,3,3,siren
mix_siren(463).wav,3,3,siren
mix_siren(464).wav,3,3,siren
mix_siren(465).wav,3,3,siren
mix_siren(466).wav,3,3,siren
mix_siren(467).wav,3,3,siren
mix_siren(468).wav,3,3,siren
mix_siren(469).wav,3,3,siren
mix_siren(470).wav,3,3,siren
mix_siren(471).wav,3,3,siren
mix_siren(472).wav,3,3,siren
mix_siren(473).wav,3,3,siren
mix_siren(474).wav,3,3,siren
mix_siren(475).wav,3,3,siren
mix_siren(476).wav,3,3,siren
mix_siren(477).wav,3,3,siren
mix_siren(478).wav,3,3,siren
mix_siren(479).wav,3,3,siren
mix_siren(480).wav,3,3,siren
mix_siren(481).wav,3,3,siren
mix_siren(482).wav,3,3,siren
mix_siren(483).wav,3,3,siren
mix_siren(484).wav,3,3,siren
mix_siren(485).wav,3,3,siren
mix_siren(486).wav,3,3,siren
mix_siren(487).wav,3,3,siren
mix_siren(488).wav,3,3,siren
mix_siren(489).wav,3,3,siren
mix_siren(490).wav,3,3,siren
mix_siren(491).wav,3,3,siren
mix_siren(492).wav,3,3,siren
mix_siren(493).wav,3,3,siren
mix_siren(494).wav,3,3,siren
mix_siren(495).wav,3,3,siren
mix_siren(496).wav,3,3,siren
mix_siren(497).wav,3,3,siren
mix_siren(498).wav,3,3,siren
mix_siren(499).wav,3,3,siren
mix_siren(500).wav,3,3,siren
mix_siren(501).wav,3,3,siren
mix_siren(502).wav,3,3,siren
mix_siren(503).wav,3,3,siren
mix_siren(504).wav,3,3,siren
mix_siren(505).wav,3,3,siren
mix_siren(506).wav,3,3,siren
mix_siren(507).wav,3,3,siren
mix_siren(508).wav,3,3,siren
mix_siren(509).wav,3,3,siren
mix_siren(510).wav,3,3,siren
mix_siren(511).wav,3,3,siren
mix_siren(512).wav,3,3,siren
mix_siren(513).wav,3,3,siren
mix_siren(514).wav,3,3,siren
mix_siren(515).wav,3,3,siren
mix_siren(516).wav,3,3,siren
mix_siren(517).wav,3,3,siren
mix_siren(518).wav,3,3,siren
mix_siren(519).wav,3,3,siren
mix_siren(520).wav,3,3,siren
mix_siren(521).wav,3,3,siren
mix_siren(522).wav,3,3,siren
mix_siren(523).wav,3,3,siren
mix_siren(524).wav,3,3,siren
mix_siren(525).wav,3,3,siren
mix_siren(526).wav,3,3,siren
mix_siren(527).wav,3,3,siren
mix_siren(528).wav,3,3,siren
mix_siren(529).wav,3,3,siren
mix_siren(530).wav,3,3,siren
mix_siren(531).wav,3,3,siren
mix_siren(532).wav,3,3,siren
mix_siren(533).wav,3,3,siren
mix_siren(534).wav,3,3,siren
mix_siren(535).wav,3,3,siren
mix_siren(536).wav,3,3,siren
mix_siren(537).wav,3,3,siren
mix_siren(538).wav,3,3,siren
mix_siren(539).wav,3,3,siren
mix_siren(540).wav,3,3,siren
mix_siren(541).wav,3,3,siren
mix_siren(542).wav,3,3,siren
mix_siren(543).wav,3,3,siren
mix_siren(544).wav,3,3,siren
mix_siren(545).wav,3,3,siren
mix_siren(546).wav,3,3,siren
mix_siren(547).wav,3,3,siren
mix_siren(548).wav,3,3,siren
mix_siren(549).wav,3,3,siren
mix_siren(550).wav,3,3,siren
mix_siren(551).wav,3,3,siren
mix_siren(552).wav,3,3,siren
mix_siren(553).wav,3,3,siren
mix_siren(554).wav,3,3,siren
mix_siren(555).wav,3,3,siren
mix_siren(556).wav,3,3,siren
mix_siren(557).wav,3,3,siren
mix_siren(558).wav,3,3,siren
mix_siren(559).wav,3,3,siren
mix_siren(560).wav,3,3,siren
mix_siren(561).wav,3,3,siren
mix_siren(562).wav,3,3,siren
mix_siren(563).wav,3,3,siren
mix_siren(564).wav,3,3,siren
mix_siren(565).wav,3,3,siren
mix_siren(566).wav,3,3,siren
mix_siren(567).wav,3,3,siren
mix_siren(568).wav,3,3,siren
mix_siren(569).wav,3,3,siren
mix_siren(570).wav,3,3,siren
mix_siren(571).wav,3,3,siren
mix_siren(572).wav,3,3,siren
mix_siren(573).wav,3,3,siren
mix_siren(574).wav,3,3,siren
mix_siren(575).wav,3,3,siren
mix_siren(576).wav,3,3,siren
mix_siren(577).wav,3,3,siren
mix_siren(578).wav,3,3,siren
mix_siren(579).wav,3,3,siren
mix_siren(580).wav,3,3,siren
mix_siren(581).wav,3,3,siren
mix_siren(582).wav,3,3,siren
mix_siren(583).wav,3,3,siren
mix_siren(584).wav,3,3,siren
mix_siren(585).wav,3,3,siren
mix_siren(586).wav,3,3,siren
mix_siren(587).wav,3,3,siren
mix_siren(588).wav,3,3,siren
mix_siren(589).wav,3,3,siren
mix_siren(590).wav,3,3,siren
mix_siren(591).wav,3,3,siren
mix_siren(592).wav,3,3,siren
mix_siren(593).wav,3,3,siren
mix_siren(594).wav,3,3,siren
mix_siren(595).wav,3,3,siren
mix_siren(596).wav,3,3,siren
mix_siren(597).wav,3,3,siren
mix_siren(598).wav,3,3,siren
mix_siren(599).wav,3,3,siren
mix_siren(600).wav,3,3,siren
mix_siren(601).wav,3,3,siren
mix_fire(1).wav,4,4,fire
mix_fire(2).wav,4,4,fire
mix_fire(3).wav,4,4,fire
mix_fire(4).wav,4,4,fire
mix_fire(5).wav,4,4,fire
mix_fire(6).wav,4,4,fire
mix_fire(7).wav,4,4,fire
mix_fire(8).wav,4,4,fire
mix_fire(9).wav,4,4,fire
mix_fire(10).wav,4,4,fire
mix_fire(11).wav,4,4,fire
mix_fire(12).wav,4,4,fire
mix_fire(13).wav,4,4,fire
mix_fire(14).wav,4,4,fire
mix_fire(15).wav,4,4,fire
mix_fire(16).wav,4,4,fire
mix_fire(17).wav,4,4,fire
mix_fire(18).wav,4,4,fire
mix_fire(19).wav,4,4,fire
mix_fire(20).wav,4,4,fire
mix_fire(21).wav,4,4,fire
mix_fire(22).wav,4,4,fire
mix_fire(23).wav,4,4,fire
mix_fire(24).wav,4,4,fire
mix_fire(25).wav,4,4,fire
mix_fire(26).wav,4,4,fire
mix_fire(27).wav,4,4,fire
mix_fire(28).wav,4,4,fire
mix_fire(29).wav,4,4,fire
mix_fire(30).wav,4,4,fire
mix_fire(31).wav,4,4,fire
mix_fire(32).wav,4,4,fire
mix_fire(33).wav,4,4,fire
mix_fire(34).wav,4,4,fire
mix_fire(35).wav,4,4,fire
mix_fire(36).wav,4,4,fire
mix_fire(37).wav,4,4,fire
mix_fire(38).wav,4,4,fire
mix_fire(39).wav,4,4,fire
mix_fire(40).wav,4,4,fire
mix_fire(41).wav,4,4,fire
mix_fire(42).wav,4,4,fire
mix_fire(43).wav,4,4,fire
mix_fire(44).wav,4,4,fire
mix_fire(45).wav,4,4,fire
mix_fire(46).wav,4,4,fire
mix_fire(47).wav,4,4,fire
mix_fire(48).wav,4,4,fire
mix_fire(49).wav,4,4,fire
mix_fire(50).wav,4,4,fire
mix_fire(51).wav,4,4,fire
mix_fire(52).wav,4,4,fire
mix_fire(53).wav,4,4,fire
mix_fire(54).wav,4,4,fire
mix_fire(55).wav,4,4,fire
mix_fire(56).wav,4,4,fire
mix_fire(57).wav,4,4,fire
mix_fire(58).wav,4,4,fire
mix_fire(59).wav,4,4,fire
mix_fire(60).wav,4,4,fire
mix_fire(61).wav,4,4,fire
mix_fire(62).wav,4,4,fire
mix_fire(63).wav,4,4,fire
mix_fire(64).wav,4,4,fire
mix_fire(65).wav,4,4,fire
mix_fire(66).wav,4,4,fire
mix_fire(67).wav,4,4,fire
mix_fire(68).wav,4,4,fire
mix_fire(69).wav,4,4,fire
mix_fire(70).wav,4,4,fire
mix_fire(71).wav,4,4,fire
mix_fire(72).wav,4,4,fire
mix_fire(73).wav,4,4,fire
mix_fire(74).wav,4,4,fire
mix_fire(75).wav,4,4,fire
mix_fire(76).wav,4,4,fire
mix_fire(77).wav,4,4,fire
mix_fire(78).wav,4,4,fire
mix_fire(79).wav,4,4,fire
mix_fire(80).wav,4,4,fire
mix_fire(81).wav,4,4,fire
mix_fire(82).wav,4,4,fire
mix_fire(83).wav,4,4,fire
mix_fire(84).wav,4,4,fire
mix_fire(85).wav,4,4,fire
mix_fire(86).wav,4,4,fire
mix_fire(87).wav,4,4,fire
mix_fire(88).wav,4,4,fire
mix_fire(89).wav,4,4,fire
mix_fire(90).wav,4,4,fire
mix_fire(91).wav,4,4,fire
mix_fire(92).wav,4,4,fire
mix_fire(93).wav,4,4,fire
mix_fire(94).wav,4,4,fire
mix_fire(95).wav,4,4,fire
mix_fire(96).wav,4,4,fire
mix_fire(97).wav,4,4,fire
mix_fire(98).wav,4,4,fire
mix_fire(99).wav,4,4,fire
mix_fire(100).wav,4,4,fire
mix_fire(101).wav,4,4,fire
mix_fire(102).wav,4,4,fire
mix_fire(103).wav,4,4,fire
mix_fire(104).wav,4,4,fire
mix_fire(105).wav,4,4,fire
mix_fire(106).wav,4,4,fire
mix_fire(107).wav,4,4,fire
mix_fire(108).wav,4,4,fire
mix_fire(109).wav,4,4,fire
mix_fire(110).wav,4,4,fire
mix_fire(111).wav,4,4,fire
mix_fire(112).wav,4,4,fire
mix_fire(113).wav,4,4,fire
mix_fire(114).wav,4,4,fire
mix_fire(115).wav,4,4,fire
mix_fire(116).wav,4,4,fire
mix_fire(117).wav,4,4,fire
mix_fire(118).wav,4,4,fire
mix_fire(119).wav,4,4,fire
mix_fire(120).wav,4,4,fire
mix_fire(121).wav,4,4,fire
mix_fire(122).wav,4,4,fire
mix_fire(123).wav,4,4,fire
mix_fire(124).wav,4,4,fire
mix_fire(125).wav,4,4,fire
mix_fire(126).wav,4,4,fire
mix_fire(127).wav,4,4,fire
mix_fire(128).wav,4,4,fire
mix_fire(129).wav,4,4,fire
mix_fire(130).wav,4,4,fire
mix_fire(131).wav,4,4,fire
mix_fire(132).wav,4,4,fire
mix_fire(133).wav,4,4,fire
mix_fire(134).wav,4,4,fire
mix_fire(135).wav,4,4,fire
mix_fire(136).wav,4,4,fire
mix_fire(137).wav,4,4,fire
mix_fire(138).wav,4,4,fire
mix_fire(139).wav,4,4,fire
mix_fire(140).wav,4,4,fire
mix_fire(141).wav,4,4,fire
mix_fire(142).wav,4,4,fire
mix_fire(143).wav,4,4,fire
mix_fire(144).wav,4,4,fire
mix_fire(145).wav,4,4,fire
mix_fire(146).wav,4,4,fire
mix_fire(147).wav,4,4,fire
mix_fire(148).wav,4,4,fire
mix_fire(149).wav,4,4,fire
mix_fire(150).wav,4,4,fire
mix_fire(151).wav,4,4,fire
mix_fire(152).wav,4,4,fire
mix_fire(153).wav,4,4,fire
mix_fire(154).wav,4,4,fire
mix_fire(155).wav,4,4,fire
mix_fire(156).wav,4,4,fire
mix_fire(157).wav,4,4,fire
mix_fire(158).wav,4,4,fire
mix_fire(159).wav,4,4,fire
mix_fire(160).wav,4,4,fire
mix_fire(161).wav,4,4,fire
mix_fire(162).wav,4,4,fire
mix_fire(163).wav,4,4,fire
mix_fire(164).wav,4,4,fire
mix_fire(165).wav,4,4,fire
mix_fire(166).wav,4,4,fire
mix_fire(167).wav,4,4,fire
mix_fire(168).wav,4,4,fire
mix_fire(169).wav,4,4,fire
mix_fire(170).wav,4,4,fire
mix_fire(171).wav,4,4,fire
mix_fire(172).wav,4,4,fire
mix_fire(173).wav,4,4,fire
mix_fire(174).wav,4,4,fire
mix_fire(175).wav,4,4,fire
mix_fire(176).wav,4,4,fire
mix_fire(177).wav,4,4,fire
mix_fire(178).wav,4,4,fire
mix_fire(179).wav,4,4,fire
mix_fire(180).wav,4,4,fire
mix_fire(181).wav,4,4,fire
mix_fire(182).wav,4,4,fire
mix_fire(183).wav,4,4,fire
mix_fire(184).wav,4,4,fire
mix_fire(185).wav,4,4,fire
mix_fire(186).wav,4,4,fire
mix_fire(187).wav,4,4,fire
mix_fire(188).wav,4,4,fire
mix_fire(189).wav,4,4,fire
mix_fire(190).wav,4,4,fire
mix_fire(191).wav,4,4,fire
mix_fire(192).wav,4,4,fire
mix_fire(193).wav,4,4,fire
mix_fire(194).wav,4,4,fire
mix_fire(195).wav,4,4,fire
mix_fire(196).wav,4,4,fire
mix_fire(197).wav,4,4,fire
mix_fire(198).wav,4,4,fire
mix_fire(199).wav,4,4,fire
mix_fire(200).wav,4,4,fire
mix_fire(201).wav,4,4,fire
mix_fire(202).wav,4,4,fire
mix_fire(203).wav,4,4,fire
mix_fire(204).wav,4,4,fire
mix_fire(205).wav,4,4,fire
mix_fire(206).wav,4,4,fire
mix_fire(207).wav,4,4,fire
mix_fire(208).wav,4,4,fire
mix_fire(209).wav,4,4,fire
mix_fire(210).wav,4,4,fire
mix_fire(211).wav,4,4,fire
mix_fire(212).wav,4,4,fire
mix_fire(213).wav,4,4,fire
mix_fire(214).wav,4,4,fire
mix_fire(215).wav,4,4,fire
mix_fire(216).wav,4,4,fire
mix_fire(217).wav,4,4,fire
mix_fire(218).wav,4,4,fire
mix_fire(219).wav,4,4,fire
mix_fire(220).wav,4,4,fire
mix_fire(221).wav,4,4,fire
mix_fire(222).wav,4,4,fire
mix_fire(223).wav,4,4,fire
mix_fire(224).wav,4,4,fire
mix_fire(225).wav,4,4,fire
mix_fire(226).wav,4,4,fire
mix_fire(227).wav,4,4,fire
mix_fire(228).wav,4,4,fire
mix_fire(229).wav,4,4,fire
mix_fire(230).wav,4,4,fire
mix_fire(231).wav,4,4,fire
mix_fire(232).wav,4,4,fire
mix_fire(233).wav,4,4,fire
mix_fire(234).wav,4,4,fire
mix_fire(235).wav,4,4,fire
mix_fire(236).wav,4,4,fire
mix_fire(237).wav,4,4,fire
mix_fire(238).wav,4,4,fire
mix_fire(239).wav,4,4,fire
mix_fire(240).wav,4,4,fire
mix_fire(241).wav,4,4,fire
mix_fire(242).wav,4,4,fire
mix_fire(243).wav,4,4,fire
mix_fire(244).wav,4,4,fire
mix_fire(245).wav,4,4,fire
mix_fire(246).wav,4,4,fire
mix_fire(247).wav,4,4,fire
mix_fire(248).wav,4,4,fire
mix_fire(249).wav,4,4,fire
mix_fire(250).wav,4,4,fire
mix_fire(251).wav,4,4,fire
mix_fire(252).wav,4,4,fire
mix_fire(253).wav,4,4,fire
mix_fire(254).wav,4,4,fire
mix_fire(255).wav,4,4,fire
mix_fire(256).wav,4,4,fire
mix_fire(257).wav,4,4,fire
mix_fire(258).wav,4,4,fire
mix_fire(259).wav,4,4,fire
mix_fire(260).wav,4,4,fire
mix_fire(261).wav,4,4,fire
mix_fire(262).wav,4,4,fire
mix_fire(263).wav,4,4,fire
mix_fire(264).wav,4,4,fire
mix_fire(265).wav,4,4,fire
mix_fire(266).wav,4,4,fire
mix_fire(267).wav,4,4,fire
mix_fire(268).wav,4,4,fire
mix_fire(269).wav,4,4,fire
mix_fire(270).wav,4,4,fire
mix_fire(271).wav,4,4,fire
mix_fire(272).wav,4,4,fire
mix_fire(273).wav,4,4,fire
mix_fire(274).wav,4,4,fire
mix_fire(275).wav,4,4,fire
mix_fire(276).wav,4,4,fire
mix_fire(277).wav,4,4,fire
mix_fire(278).wav,4,4,fire
mix_fire(279).wav,4,4,fire
mix_fire(280).wav,4,4,fire
mix_fire(281).wav,4,4,fire
mix_fire(282).wav,4,4,fire
mix_fire(283).wav,4,4,fire
mix_fire(284).wav,4,4,fire
mix_fire(285).wav,4,4,fire
mix_fire(286).wav,4,4,fire
mix_fire(287).wav,4,4,fire
mix_fire(288).wav,4,4,fire
mix_fire(289).wav,4,4,fire
mix_fire(290).wav,4,4,fire
mix_fire(291).wav,4,4,fire
mix_fire(292).wav,4,4,fire
mix_fire(293).wav,4,4,fire
mix_fire(294).wav,4,4,fire
mix_fire(295).wav,4,4,fire
mix_fire(296).wav,4,4,fire
mix_fire(297).wav,4,4,fire
mix_fire(298).wav,4,4,fire
mix_fire(299).wav,4,4,fire
mix_fire(300).wav,4,4,fire
mix_fire(301).wav,4,4,fire
mix_fire(302).wav,4,4,fire
mix_fire(303).wav,4,4,fire
mix_fire(304).wav,4,4,fire
mix_fire(305).wav,4,4,fire
mix_fire(306).wav,4,4,fire
mix_fire(307).wav,4,4,fire
mix_fire(308).wav,4,4,fire
mix_fire(309).wav,4,4,fire
mix_fire(310).wav,4,4,fire
mix_fire(311).wav,4,4,fire
mix_fire(312).wav,4,4,fire
mix_fire(313).wav,4,4,fire
mix_fire(314).wav,4,4,fire
mix_fire(315).wav,4,4,fire
mix_fire(316).wav,4,4,fire
mix_fire(317).wav,4,4,fire
mix_fire(318).wav,4,4,fire
mix_fire(319).wav,4,4,fire
mix_fire(320).wav,4,4,fire
mix_fire(321).wav,4,4,fire
mix_fire(322).wav,4,4,fire
mix_fire(323).wav,4,4,fire
end_station(1).wav,5,5,end_station
end_station(2).wav,5,5,end_station
end_station(3).wav,5,5,end_station
end_station(4).wav,5,5,end_station
end_station(5).wav,5,5,end_station
end_station(6).wav,5,5,end_station
end_station(7).wav,5,5,end_station
end_station(8).wav,5,5,end_station
end_station(9).wav,5,5,end_station
end_station(10).wav,5,5,end_station
end_station(11).wav,5,5,end_station
end_station(12).wav,5,5,end_station
end_station(13).wav,5,5,end_station
end_station(14).wav,5,5,end_station
end_station(15).wav,5,5,end_station
end_station(16).wav,5,5,end_station
end_station(17).wav,5,5,end_station
end_station(18).wav,5,5,end_station
end_station(19).wav,5,5,end_station
end_station(20).wav,5,5,end_station
end_station(21).wav,5,5,end_station
end_station(22).wav,5,5,end_station
end_station(23).wav,5,5,end_station
end_station(24).wav,5,5,end_station
end_station(25).wav,5,5,end_station
end_station(26).wav,5,5,end_station
end_station(27).wav,5,5,end_station
end_station(28).wav,5,5,end_station
end_station(29).wav,5,5,end_station
end_station(30).wav,5,5,end_station
end_station(31).wav,5,5,end_station
end_station(32).wav,5,5,end_station
end_station(33).wav,5,5,end_station
end_station(34).wav,5,5,end_station
end_station(35).wav,5,5,end_station
end_station(36).wav,5,5,end_station
end_station(37).wav,5,5,end_station
end_station(38).wav,5,5,end_station
end_station(39).wav,5,5,end_station
end_station(40).wav,5,5,end_station
end_station(41).wav,5,5,end_station
end_station(42).wav,5,5,end_station
end_station(43).wav,5,5,end_station
end_station(44).wav,5,5,end_station
end_station(45).wav,5,5,end_station
end_station(46).wav,5,5,end_station
end_station(47).wav,5,5,end_station
end_station(48).wav,5,5,end_station
end_station(49).wav,5,5,end_station
end_station(50).wav,5,5,end_station
end_station(51).wav,5,5,end_station
end_station(52).wav,5,5,end_station
gangnam_start(1).wav,6,6,gangnam_start
gangnam_start(2).wav,6,6,gangnam_start
gangnam_start(3).wav,6,6,gangnam_start
gangnam_start(4).wav,6,6,gangnam_start
gangnam_start(5).wav,6,6,gangnam_start
gangnam_start(6).wav,6,6,gangnam_start
gangnam_start(7).wav,6,6,gangnam_start
gangnam_start(8).wav,6,6,gangnam_start
gangnam_start(9).wav,6,6,gangnam_start
gangnam_start(10).wav,6,6,gangnam_start
gangnam_start(11).wav,6,6,gangnam_start
gangnam_start(12).wav,6,6,gangnam_start
gangnam_start(13).wav,6,6,gangnam_start
gangnam_start(14).wav,6,6,gangnam_start
gangnam_start(15).wav,6,6,gangnam_start
gangnam_start(16).wav,6,6,gangnam_start
gangnam_start(17).wav,6,6,gangnam_start
gangnam_start(18).wav,6,6,gangnam_start
gangnam_start(19).wav,6,6,gangnam_start
gangnam_start(20).wav,6,6,gangnam_start
gangnam_start(21).wav,6,6,gangnam_start
gangnam_start(22).wav,6,6,gangnam_start
gangnam_start(23).wav,6,6,gangnam_start
gangnam_start(24).wav,6,6,gangnam_start
gangnam_start(25).wav,6,6,gangnam_start
gangnam_start(26).wav,6,6,gangnam_start
gangnam_start(27).wav,6,6,gangnam_start
gangnam_start(28).wav,6,6,gangnam_start
gangnam_start(29).wav,6,6,gangnam_start
gangnam_start(30).wav,6,6,gangnam_start
gangnam_start(31).wav,6,6,gangnam_start
gangnam_start(32).wav,6,6,gangnam_start
gangnam_start(33).wav,6,6,gangnam_start
gangnam_start(34).wav,6,6,gangnam_start
gangnam_start(35).wav,6,6,gangnam_start
gangnam_start(36).wav,6,6,gangnam_start
gangnam_start(37).wav,6,6,gangnam_start
gangnam_start(38).wav,6,6,gangnam_start
gangnam_start(39).wav,6,6,gangnam_start
gangnam_start(40).wav,6,6,gangnam_start
gangnam_start(41).wav,6,6,gangnam_start
gangnam_start(42).wav,6,6,gangnam_start
gangnam_start(43).wav,6,6,gangnam_start
gangnam_start(44).wav,6,6,gangnam_start
gangnam_start(45).wav,6,6,gangnam_start
gangnam_start(46).wav,6,6,gangnam_start
gangnam_start(47).wav,6,6,gangnam_start
gangnam_start(48).wav,6,6,gangnam_start
gangnam_start(49).wav,6,6,gangnam_start
gangnam_start(50).wav,6,6,gangnam_start
gangnam_start(51).wav,6,6,gangnam_start
gangnam_start(52).wav,6,6,gangnam_start
gangnam_start(53).wav,6,6,gangnam_start
gangnam_start(54).wav,6,6,gangnam_start
gangnam_start(55).wav,6,6,gangnam_start
gangnam_start(56).wav,6,6,gangnam_start
gangnam_start(57).wav,6,6,gangnam_start
gangnam_start(58).wav,6,6,gangnam_start
gangnam_start(59).wav,6,6,gangnam_start
seoul_hasun(1).wav,7,7,seoul_hasun
seoul_hasun(2).wav,7,7,seoul_hasun
seoul_hasun(3).wav,7,7,seoul_hasun
seoul_hasun(4).wav,7,7,seoul_hasun
seoul_hasun(5).wav,7,7,seoul_hasun
seoul_hasun(6).wav,7,7,seoul_hasun
seoul_hasun(7).wav,7,7,seoul_hasun
seoul_hasun(8).wav,7,7,seoul_hasun
seoul_hasun(9).wav,7,7,seoul_hasun
seoul_hasun(10).wav,7,7,seoul_hasun
seoul_hasun(11).wav,7,7,seoul_hasun
seoul_hasun(12).wav,7,7,seoul_hasun
seoul_hasun(13).wav,7,7,seoul_hasun
seoul_hasun(14).wav,7,7,seoul_hasun
seoul_hasun(15).wav,7,7,seoul_hasun
seoul_hasun(16).wav,7,7,seoul_hasun
seoul_hasun(17).wav,7,7,seoul_hasun
seoul_hasun(18).wav,7,7,seoul_hasun
seoul_hasun(19).wav,7,7,seoul_hasun
seoul_hasun(20).wav,7,7,seoul_hasun
seoul_hasun(21).wav,7,7,seoul_hasun
seoul_hasun(22).wav,7,7,seoul_hasun
seoul_hasun(23).wav,7,7,seoul_hasun
seoul_hasun(24).wav,7,7,seoul_hasun
seoul_hasun(25).wav,7,7,seoul_hasun
seoul_hasun(26).wav,7,7,seoul_hasun
seoul_hasun(27).wav,7,7,seoul_hasun
seoul_hasun(28).wav,7,7,seoul_hasun
seoul_hasun(29).wav,7,7,seoul_hasun
seoul_hasun(30).wav,7,7,seoul_hasun
seoul_hasun(31).wav,7,7,seoul_hasun
seoul_hasun(32).wav,7,7,seoul_hasun
seoul_hasun(33).wav,7,7,seoul_hasun
seoul_hasun(34).wav,7,7,seoul_hasun
seoul_hasun(35).wav,7,7,seoul_hasun
seoul_hasun(36).wav,7,7,seoul_hasun
seoul_hasun(37).wav,7,7,seoul_hasun
seoul_hasun(38).wav,7,7,seoul_hasun
seoul_hasun(39).wav,7,7,seoul_hasun
seoul_hasun(40).wav,7,7,seoul_hasun
seoul_hasun(41).wav,7,7,seoul_hasun
seoul_hasun(42).wav,7,7,seoul_hasun
seoul_hasun(43).wav,7,7,seoul_hasun
seoul_hasun(44).wav,7,7,seoul_hasun
seoul_hasun(45).wav,7,7,seoul_hasun
seoul_hasun(46).wav,7,7,seoul_hasun
seoul_hasun(47).wav,7,7,seoul_hasun
seoul_hasun(48).wav,7,7,seoul_hasun
seoul_hasun(49).wav,7,7,seoul_hasun
seoul_hasun(50).wav,7,7,seoul_hasun
seoul_hasun(51).wav,7,7,seoul_hasun
seoul_hasun(52).wav,7,7,seoul_hasun
seoul_hasun(53).wav,7,7,seoul_hasun
seoul_hasun(54).wav,7,7,seoul_hasun
seoul_hasun(55).wav,7,7,seoul_hasun
seoul_hasun(56).wav,7,7,seoul_hasun
seoul_hasun(57).wav,7,7,seoul_hasun
seoul_hasun(58).wav,7,7,seoul_hasun
seoul_hasun(59).wav,7,7,seoul_hasun
seoul_sangsun(1).wav,8,8,seoul_sangsun
seoul_sangsun(2).wav,8,8,seoul_sangsun
seoul_sangsun(3).wav,8,8,seoul_sangsun
seoul_sangsun(4).wav,8,8,seoul_sangsun
seoul_sangsun(5).wav,8,8,seoul_sangsun
seoul_sangsun(6).wav,8,8,seoul_sangsun
seoul_sangsun(7).wav,8,8,seoul_sangsun
seoul_sangsun(8).wav,8,8,seoul_sangsun
seoul_sangsun(9).wav,8,8,seoul_sangsun
seoul_sangsun(10).wav,8,8,seoul_sangsun
seoul_sangsun(11).wav,8,8,seoul_sangsun
seoul_sangsun(12).wav,8,8,seoul_sangsun
seoul_sangsun(13).wav,8,8,seoul_sangsun
seoul_sangsun(14).wav,8,8,seoul_sangsun
seoul_sangsun(15).wav,8,8,seoul_sangsun
seoul_sangsun(16).wav,8,8,seoul_sangsun
seoul_sangsun(17).wav,8,8,seoul_sangsun
seoul_sangsun(18).wav,8,8,seoul_sangsun
seoul_sangsun(19).wav,8,8,seoul_sangsun
seoul_sangsun(20).wav,8,8,seoul_sangsun
seoul_sangsun(21).wav,8,8,seoul_sangsun
seoul_sangsun(22).wav,8,8,seoul_sangsun
seoul_sangsun(23).wav,8,8,seoul_sangsun
seoul_sangsun(24).wav,8,8,seoul_sangsun
seoul_sangsun(25).wav,8,8,seoul_sangsun
seoul_sangsun(26).wav,8,8,seoul_sangsun
seoul_sangsun(27).wav,8,8,seoul_sangsun
seoul_sangsun(28).wav,8,8,seoul_sangsun
seoul_sangsun(29).wav,8,8,seoul_sangsun
seoul_sangsun(30).wav,8,8,seoul_sangsun
seoul_sangsun(31).wav,8,8,seoul_sangsun
seoul_sangsun(32).wav,8,8,seoul_sangsun
seoul_sangsun(33).wav,8,8,seoul_sangsun
seoul_sangsun(34).wav,8,8,seoul_sangsun
seoul_sangsun(35).wav,8,8,seoul_sangsun
seoul_sangsun(36).wav,8,8,seoul_sangsun
seoul_sangsun(37).wav,8,8,seoul_sangsun
seoul_sangsun(38).wav,8,8,seoul_sangsun
seoul_sangsun(39).wav,8,8,seoul_sangsun
seoul_sangsun(40).wav,8,8,seoul_sangsun
seoul_sangsun(41).wav,8,8,seoul_sangsun
seoul_sangsun(42).wav,8,8,seoul_sangsun
seoul_sangsun(43).wav,8,8,seoul_sangsun
seoul_sangsun(44).wav,8,8,seoul_sangsun
seoul_sangsun(45).wav,8,8,seoul_sangsun
seoul_sangsun(46).wav,8,8,seoul_sangsun
seoul_sangsun(47).wav,8,8,seoul_sangsun
seoul_sangsun(48).wav,8,8,seoul_sangsun
seoul_sangsun(49).wav,8,8,seoul_sangsun
seoul_sangsun(50).wav,8,8,seoul_sangsun
seoul_sangsun(51).wav,8,8,seoul_sangsun
seoul_sangsun(52).wav,8,8,seoul_sangsun
seoul_sangsun(53).wav,8,8,seoul_sangsun
seoul_sangsun(54).wav,8,8,seoul_sangsun
seoul_sangsun(55).wav,8,8,seoul_sangsun
seoul_sangsun(56).wav,8,8,seoul_sangsun
seoul_sangsun(57).wav,8,8,seoul_sangsun
seoul_sangsun(58).wav,8,8,seoul_sangsun
seoul_sangsun(59).wav,8,8,seoul_sangsun
transfer(1).wav,9,9,transfer
transfer(2).wav,9,9,transfer
transfer(3).wav,9,9,transfer
transfer(4).wav,9,9,transfer
transfer(5).wav,9,9,transfer
transfer(6).wav,9,9,transfer
transfer(7).wav,9,9,transfer
transfer(8).wav,9,9,transfer
transfer(9).wav,9,9,transfer
transfer(10).wav,9,9,transfer
transfer(11).wav,9,9,transfer
transfer(12).wav,9,9,transfer
transfer(13).wav,9,9,transfer
transfer(14).wav,9,9,transfer
transfer(15).wav,9,9,transfer
transfer(16).wav,9,9,transfer
transfer(17).wav,9,9,transfer
transfer(18).wav,9,9,transfer
transfer(19).wav,9,9,transfer
transfer(20).wav,9,9,transfer
transfer(21).wav,9,9,transfer
transfer(22).wav,9,9,transfer
transfer(23).wav,9,9,transfer
transfer(24).wav,9,9,transfer
transfer(25).wav,9,9,transfer
transfer(26).wav,9,9,transfer
transfer(27).wav,9,9,transfer
transfer(28).wav,9,9,transfer
transfer(29).wav,9,9,transfer
transfer(30).wav,9,9,transfer
transfer(31).wav,9,9,transfer
transfer(32).wav,9,9,transfer
transfer(33).wav,9,9,transfer
transfer(34).wav,9,9,transfer
transfer(35).wav,9,9,transfer
transfer(36).wav,9,9,transfer
transfer(37).wav,9,9,transfer
transfer(38).wav,9,9,transfer
transfer(39).wav,9,9,transfer
transfer(40).wav,9,9,transfer
transfer(41).wav,9,9,transfer
transfer(42).wav,9,9,transfer
transfer(43).wav,9,9,transfer
transfer(44).wav,9,9,transfer
transfer(45).wav,9,9,transfer
transfer(46).wav,9,9,transfer
transfer(47).wav,9,9,transfer
transfer(48).wav,9,9,transfer
transfer(49).wav,9,9,transfer
transfer(50).wav,9,9,transfer
transfer(51).wav,9,9,transfer
transfer(52).wav,9,9,transfer
transfer(53).wav,9,9,transfer
transfer(54).wav,9,9,transfer
transfer(55).wav,9,9,transfer
transfer(56).wav,9,9,transfer
transfer(57).wav,9,9,transfer
transfer(58).wav,9,9,transfer
transfer(59).wav,9,9,transfer
